/*
 Navicat Premium Data Transfer

 Source Server         : 127.0.0.1
 Source Server Type    : MySQL
 Source Server Version : 50635
 Source Host           : 127.0.0.1
 Source Database       : parking_system

 Target Server Type    : MySQL
 Target Server Version : 50635
 File Encoding         : utf-8

 Date: 04/18/2017 00:42:24 AM
*/

SET NAMES utf8mb4;
SET FOREIGN_KEY_CHECKS = 0;

-- ----------------------------
--  Table structure for `t_admin`
-- ----------------------------
DROP TABLE IF EXISTS `t_admin`;
CREATE TABLE `t_admin` (
  `admin_id` int(11) NOT NULL AUTO_INCREMENT,
  `username` varchar(255) DEFAULT NULL COMMENT '用户名',
  `real_name` varchar(20) DEFAULT NULL COMMENT '真实姓名',
  `password` varchar(255) DEFAULT NULL COMMENT '密码（需要md5加密）',
  `tel` varchar(255) DEFAULT NULL COMMENT '联系电话',
  `level` int(1) DEFAULT NULL COMMENT '权限',
  `img_src` varchar(255) DEFAULT NULL,
  `add_time` timestamp NULL DEFAULT CURRENT_TIMESTAMP,
  `open_id` varchar(255) DEFAULT NULL COMMENT '微信open_id',
  PRIMARY KEY (`admin_id`)
) ENGINE=InnoDB AUTO_INCREMENT=48 DEFAULT CHARSET=utf8 COMMENT='管理员信息表';

-- ----------------------------
--  Records of `t_admin`
-- ----------------------------
BEGIN;
INSERT INTO `t_admin` VALUES ('21', 'admin', '孟昊阳', 'admin', '13895752345', '1', 'uploads/portraits/header.png', '2017-02-15 22:53:20', null);
COMMIT;

-- ----------------------------
--  Table structure for `t_cancel`
-- ----------------------------
DROP TABLE IF EXISTS `t_cancel`;
CREATE TABLE `t_cancel` (
  `cancel_id` int(11) NOT NULL AUTO_INCREMENT,
  `reason` text COMMENT '取消原因',
  `order_id` int(11) DEFAULT NULL COMMENT '订单编号',
  `cancel_time` timestamp NULL DEFAULT NULL ON UPDATE CURRENT_TIMESTAMP,
  `cancel_status` varchar(10) DEFAULT '未处理' COMMENT '取消状态（同意|拒绝|未处理）',
  PRIMARY KEY (`cancel_id`),
  KEY `order_id` (`order_id`),
  CONSTRAINT `order_cancel_fk` FOREIGN KEY (`order_id`) REFERENCES `t_order` (`order_id`)
) ENGINE=InnoDB DEFAULT CHARSET=utf8 COMMENT='订单取消记录表';

-- ----------------------------
--  Table structure for `t_checkin`
-- ----------------------------
DROP TABLE IF EXISTS `t_checkin`;
CREATE TABLE `t_checkin` (
  `checkin_id` int(11) NOT NULL AUTO_INCREMENT,
  `name` varchar(255) DEFAULT NULL COMMENT '入住人姓名',
  `id_card` varchar(255) DEFAULT NULL COMMENT '入住人身份证',
  `tel` varchar(255) DEFAULT NULL COMMENT '入住人电话',
  `checkin_time` timestamp NULL DEFAULT CURRENT_TIMESTAMP ON UPDATE CURRENT_TIMESTAMP COMMENT '入住时间',
  `order_id` int(11) DEFAULT NULL COMMENT '关联订单id',
  PRIMARY KEY (`checkin_id`)
) ENGINE=InnoDB AUTO_INCREMENT=12 DEFAULT CHARSET=utf8 COMMENT='入住信息记录表';

-- ----------------------------
--  Records of `t_checkin`
-- ----------------------------
BEGIN;
INSERT INTO `t_checkin` VALUES ('1', 'asd ', 'qweqwe', 'qweqwe', '2017-02-22 20:08:50', '4'), ('2', 'qqq', 'qqq', 'qqq', '2017-02-22 20:09:44', '1'), ('3', 'dfafefefe', '1333333333333333333', '13232323232', '2017-03-07 11:36:46', '4'), ('4', 'fdafdafdsafd', '3333333333333333', '11111111111111', '2017-03-07 11:38:27', '4'), ('5', '', '', '', '2017-03-10 18:56:11', '8'), ('6', 'zs', '1234', '123', '2017-03-12 10:13:08', '8'), ('7', 'lisi', '2345', '234', '2017-03-12 10:13:08', '8'), ('8', 'wwww', '123', '123', '2017-03-12 11:43:10', '8'), ('9', 'aaa', '234', '234', '2017-03-12 11:43:10', '8'), ('10', '123', '123', '123', '2017-03-12 11:45:13', '8'), ('11', '456', '456', '456', '2017-03-12 11:45:13', '8');
COMMIT;

-- ----------------------------
--  Table structure for `t_collect`
-- ----------------------------
DROP TABLE IF EXISTS `t_collect`;
CREATE TABLE `t_collect` (
  `collect_id` int(11) NOT NULL AUTO_INCREMENT,
  `user_id` int(11) DEFAULT NULL COMMENT '用户id',
  `park_id` int(11) DEFAULT NULL COMMENT '房源id',
  `collect_time` timestamp NULL DEFAULT CURRENT_TIMESTAMP,
  PRIMARY KEY (`collect_id`),
  KEY `user_id` (`user_id`),
  KEY `house_id` (`park_id`),
  CONSTRAINT `house_collect_fk` FOREIGN KEY (`park_id`) REFERENCES `t_park` (`park_id`) ON DELETE NO ACTION ON UPDATE NO ACTION,
  CONSTRAINT `user_collect_fk` FOREIGN KEY (`user_id`) REFERENCES `t_user` (`user_id`) ON DELETE NO ACTION ON UPDATE NO ACTION
) ENGINE=InnoDB AUTO_INCREMENT=23 DEFAULT CHARSET=utf8 COMMENT='收藏房源记录表';

-- ----------------------------
--  Records of `t_collect`
-- ----------------------------
BEGIN;
INSERT INTO `t_collect` VALUES ('2', '2', '2', '2017-02-05 16:05:39'), ('3', '3', '3', '2017-02-05 16:05:45'), ('4', '1', '2', '2017-02-05 16:06:02'), ('7', '1', '3', '2017-02-05 23:33:03'), ('8', '37', '2', '2017-03-17 15:46:15'), ('10', '37', '24', '2017-03-19 23:49:19'), ('17', '37', '10', '2017-04-12 21:34:00'), ('19', '37', '12', '2017-04-12 23:15:20'), ('21', '37', '25', '2017-04-14 21:38:40'), ('22', '37', '1', '2017-04-18 00:27:59');
COMMIT;

-- ----------------------------
--  Table structure for `t_combo`
-- ----------------------------
DROP TABLE IF EXISTS `t_combo`;
CREATE TABLE `t_combo` (
  `combo_id` int(11) NOT NULL AUTO_INCREMENT,
  `title` varchar(255) DEFAULT NULL COMMENT '套餐名称',
  `park_id` int(11) DEFAULT NULL COMMENT '房源id',
  `start_time` date DEFAULT NULL COMMENT '套餐开始时间',
  `end_time` date DEFAULT NULL COMMENT '套餐结束时间',
  `price` float(6,0) DEFAULT NULL COMMENT '价格',
  `days` int(11) DEFAULT NULL COMMENT '起订天数',
  `combo_type_id` int(11) DEFAULT NULL COMMENT '套餐类型id',
  `link` varchar(255) DEFAULT NULL COMMENT '链接',
  PRIMARY KEY (`combo_id`)
) ENGINE=InnoDB AUTO_INCREMENT=10 DEFAULT CHARSET=utf8 COMMENT='房源套餐信息表';

-- ----------------------------
--  Records of `t_combo`
-- ----------------------------
BEGIN;
INSERT INTO `t_combo` VALUES ('1', '12小时停车套餐', '1', '2017-03-01', '2017-03-16', '100', '3', '1', null), ('5', '半月', '0', '0000-00-00', '0000-00-00', '1800', '0', '0', null), ('6', '包月套餐+1次洗车', '1', '2017-02-28', '2017-04-06', '3000', '2', '2', null), ('7', '24小时套餐+1次洗车', '10', '2017-03-06', '2017-03-23', '400', '3', '1', 'http://www.taiyangdao.com.cn/index.html'), ('8', '12小时套餐+汽车美容', '23', '2017-03-13', '2017-03-24', '300', '20', '2', ''), ('9', '群办家园一周+冰雪大世界门票', '26', '2017-03-01', '2017-03-08', '1500', '7', '1', '');
COMMIT;

-- ----------------------------
--  Table structure for `t_combo_type`
-- ----------------------------
DROP TABLE IF EXISTS `t_combo_type`;
CREATE TABLE `t_combo_type` (
  `type_id` int(11) NOT NULL AUTO_INCREMENT,
  `type_name` varchar(255) DEFAULT NULL COMMENT '套餐类型名称',
  `description` varchar(255) DEFAULT NULL COMMENT '套餐说明',
  PRIMARY KEY (`type_id`)
) ENGINE=InnoDB AUTO_INCREMENT=4 DEFAULT CHARSET=utf8 COMMENT='房源套餐类型表';

-- ----------------------------
--  Records of `t_combo_type`
-- ----------------------------
BEGIN;
INSERT INTO `t_combo_type` VALUES ('1', '包月', '各种包月'), ('2', '礼品', '各种礼品'), ('3', '天数', '多订优惠');
COMMIT;

-- ----------------------------
--  Table structure for `t_comment`
-- ----------------------------
DROP TABLE IF EXISTS `t_comment`;
CREATE TABLE `t_comment` (
  `comm_id` int(11) NOT NULL AUTO_INCREMENT,
  `comm_time` timestamp NULL DEFAULT CURRENT_TIMESTAMP COMMENT '评论时间',
  `content` text COMMENT '评论内容',
  `score` varchar(255) DEFAULT NULL COMMENT '综合评分满分5分(整洁卫生5 分|交通位置5分|管理服务5 分|设施装修5分)',
  `clean_score` varchar(255) DEFAULT NULL,
  `traffic_score` varchar(255) DEFAULT NULL,
  `manage_score` varchar(255) DEFAULT NULL,
  `facility_score` varchar(255) DEFAULT NULL,
  `user_id` int(11) DEFAULT NULL COMMENT '用户id',
  `park_id` int(11) DEFAULT NULL COMMENT '房源id',
  `order_id` int(11) DEFAULT NULL COMMENT '订单',
  PRIMARY KEY (`comm_id`),
  KEY `user_id` (`user_id`),
  KEY `house_id` (`park_id`),
  CONSTRAINT `house_comment_fk` FOREIGN KEY (`park_id`) REFERENCES `t_park` (`park_id`),
  CONSTRAINT `user_comment_fk` FOREIGN KEY (`user_id`) REFERENCES `t_user` (`user_id`)
) ENGINE=InnoDB AUTO_INCREMENT=6 DEFAULT CHARSET=utf8 COMMENT='房源评论信息表';

-- ----------------------------
--  Records of `t_comment`
-- ----------------------------
BEGIN;
INSERT INTO `t_comment` VALUES ('1', '2017-03-19 20:38:28', '这是我的新评论', '3.5', '5', '4', '3', '2', '40', '1', '1'), ('2', '2017-03-19 21:04:28', '这是新评论', '3.5', '2', '3', '4', '5', '40', '1', '1'), ('3', '2017-03-19 21:04:59', '啊啊啊啊', '5', '5', '5', '5', '5', '40', '1', '1'), ('4', '2017-03-20 09:29:59', '环境真好', '4.25', '4', '4', '5', '4', '37', '1', '11'), ('5', '2017-03-20 13:03:54', '真不错', '4.75', '5', '4', '5', '5', '39', '2', '14');
COMMIT;

-- ----------------------------
--  Table structure for `t_comment_img`
-- ----------------------------
DROP TABLE IF EXISTS `t_comment_img`;
CREATE TABLE `t_comment_img` (
  `img_id` int(11) NOT NULL AUTO_INCREMENT,
  `img_thumb_src` varchar(255) DEFAULT NULL COMMENT '图片缩略图',
  `img_src` varchar(255) DEFAULT NULL COMMENT '评论原图',
  `comm_id` int(11) DEFAULT NULL COMMENT '评论id',
  PRIMARY KEY (`img_id`),
  KEY `comm_id` (`comm_id`),
  CONSTRAINT `comm_img_fk` FOREIGN KEY (`comm_id`) REFERENCES `t_comment` (`comm_id`)
) ENGINE=InnoDB AUTO_INCREMENT=12 DEFAULT CHARSET=utf8 COMMENT='评论图片信息表';

-- ----------------------------
--  Records of `t_comment_img`
-- ----------------------------
BEGIN;
INSERT INTO `t_comment_img` VALUES ('1', 'uploads\\houseImg\\houseSmall\\housePic6.jpg', null, '1'), ('2', 'uploads\\houseImg\\houseSmall\\housePic6.jpg', null, '1'), ('3', 'uploads\\houseImg\\houseSmall\\housePic6.jpg', null, '1'), ('4', 'uploads\\houseImg\\houseSmall\\housePic6.jpg', null, '4'), ('5', 'uploads\\houseImg\\houseSmall\\housePic6.jpg', null, '4'), ('6', 'uploads\\houseImg\\houseSmall\\housePic6.jpg', null, '3'), ('7', 'uploads/comment/148863576176691.png', null, '6'), ('8', 'uploads/comment/148863595361849.png', null, '7'), ('9', 'uploads/comment/148863615940870.png', null, '9'), ('10', 'uploads/comment/148863622613242.png', null, '10'), ('11', 'uploads/comment/148863675661762.png', null, '12');
COMMIT;

-- ----------------------------
--  Table structure for `t_conmment`
-- ----------------------------
DROP TABLE IF EXISTS `t_conmment`;
CREATE TABLE `t_conmment` (
  `comment_id` int(11) NOT NULL AUTO_INCREMENT,
  `conmment_date` timestamp NULL DEFAULT CURRENT_TIMESTAMP,
  `content` varchar(255) DEFAULT NULL,
  `img_first` varchar(255) DEFAULT NULL,
  `img_second` varchar(255) DEFAULT NULL,
  `img_third` varchar(255) DEFAULT NULL,
  `score` varchar(255) DEFAULT NULL,
  `user_id` int(11) DEFAULT NULL,
  `house_id` int(11) DEFAULT NULL,
  `img_first_thumb` varchar(255) DEFAULT NULL,
  `img_second_thumb` varchar(255) DEFAULT NULL,
  `img_third_thumb` varchar(255) DEFAULT NULL,
  PRIMARY KEY (`comment_id`),
  KEY `user_id` (`user_id`),
  KEY `house_id` (`house_id`),
  CONSTRAINT `fk_house_comment` FOREIGN KEY (`house_id`) REFERENCES `t_park` (`park_id`),
  CONSTRAINT `fk_user_comment` FOREIGN KEY (`user_id`) REFERENCES `t_user` (`user_id`)
) ENGINE=InnoDB AUTO_INCREMENT=4 DEFAULT CHARSET=utf8;

-- ----------------------------
--  Records of `t_conmment`
-- ----------------------------
BEGIN;
INSERT INTO `t_conmment` VALUES ('1', '2017-01-26 11:15:20', '哈哈哈哈哈哈哈哈哈哈哈哈哈哈哈哈哈哈哈哈哈哈哈哈哈哈哈', 'assets/img/1.jpg', 'assets/img/1.jpg', null, '80', '1', '1', 'assets/img/1.jpg', 'assets/img/1.jpg', null), ('2', '2017-01-26 11:18:04', '这是一个完美的事情留,真的很好neighboorhoud。索尼娅是一种足以向\r我们展示了这里的一切是由汽车及如何公共交通工作。如果你想成为出\r繁忙的波士顿大留...谢谢你索尼娅!', null, null, null, '20', '1', '1', 'assets/img/2.jpg', 'assets/img/2.jpg', 'assets/img/2.jpg'), ('3', '2017-01-31 23:09:33', '但是很突然', '', '', '', '30', '1', '1', '', '', '');
COMMIT;

-- ----------------------------
--  Table structure for `t_developer`
-- ----------------------------
DROP TABLE IF EXISTS `t_developer`;
CREATE TABLE `t_developer` (
  `developer_id` int(11) NOT NULL AUTO_INCREMENT,
  `developer_name` varchar(40) DEFAULT NULL COMMENT '开发商名称',
  `description` text COMMENT '开发商描述',
  `telephone` varchar(20) DEFAULT NULL COMMENT '开发商电话',
  `address` varchar(255) DEFAULT NULL COMMENT '开发商地址',
  `logo` varchar(255) DEFAULT NULL COMMENT '开发商logo',
  `is_delete` int(2) DEFAULT '0' COMMENT '0表示未删除 1表示已删除',
  `founding_time` date DEFAULT NULL COMMENT '公司成立时间',
  PRIMARY KEY (`developer_id`)
) ENGINE=InnoDB AUTO_INCREMENT=14 DEFAULT CHARSET=utf8;

-- ----------------------------
--  Records of `t_developer`
-- ----------------------------
BEGIN;
INSERT INTO `t_developer` VALUES ('1', '黑大集团', '恒大集团是集地产、金融、健康、旅游及体育为一体的世界500强企业集团，总资产达万亿，年销售规模超4000亿，员工8万多人，解决就业170多万人，在全国200多个城市拥有地产项目600多个，已成为全球第一房企。到2020年，恒大将实现总资产超3万亿、房地产年销售规模超6000亿。', '4008893333', '孟昊阳', 'uploads/developer/logo.png', '1', null), ('2', '孟昊阳', '', '0451-12345678', '孟昊阳222', 'uploads/developer/20170227141527_73513.png', '1', '2017-02-09'), ('3', '软件工程学院', '&lt;p&gt;二分法撒旦飞洒地方撒发生阿斯顿发生的发生暗示法大是大非&lt;/p&gt;', '1111', '孟昊阳34234', 'uploads/developer/20170227142913_96575.png', '1', '2017-02-17'), ('4', '小宝房建公司', '<p>公司太牛逼</p>', '13456533556', '群力花园3栋301', 'images/head-default.png', '1', '2017-03-07'), ('5', '小小建筑有限公司', '<p>飞飞飞</p>', '13245678543', '群力花园3栋301', 'uploads/developer/盒模型css.png', '1', '2017-03-01'), ('6', '啊啊啊啊啊啊啊啊啊', '<p>嘎嘎而过</p>', '21212121', '群力花园3栋301', 'uploads/developer/盒模型.png', '1', '2017-03-06'), ('7', '哈尔滨万家好地产', '<p>哈尔滨万家好地产</p>', '', '', 'images/head-default.png', '0', '0000-00-00'), ('8', '哈尔滨天渤万嘉地产', '<p>哈尔滨天渤万嘉地产</p>', '', '', 'images/head-default.png', '0', '0000-00-00'), ('9', '哈尔滨综合开发建设有限公司', '<p>哈尔滨综合开发建设有限公司</p>', '', '', 'images/head-default.png', '0', '0000-00-00'), ('10', '哈尔滨好民居建设投资发展有限公司', '<p>哈尔滨好民居建设投资发展有限公司</p>', '', '', 'images/head-default.png', '0', '0000-00-00'), ('11', '哈尔滨市河松房地产开发有限责任公司', '<p>哈尔滨市河松房地产开发有限责任公司</p>', '', '', 'images/head-default.png', '0', '0000-00-00'), ('12', '哈尔滨市新阳开发建设指挥部', '<p>哈尔滨市新阳开发建设指挥部</p>', '', '', 'images/head-default.png', '0', '0000-00-00'), ('13', '哈尔滨市天昊房地产开发建设有限公司', '<p>哈尔滨市天昊房地产开发建设有限公司</p>', '', '', 'images/head-default.png', '0', '0000-00-00');
COMMIT;

-- ----------------------------
--  Table structure for `t_enter`
-- ----------------------------
DROP TABLE IF EXISTS `t_enter`;
CREATE TABLE `t_enter` (
  `enter_id` int(11) NOT NULL AUTO_INCREMENT,
  `name` varchar(255) DEFAULT NULL,
  `id_card` varchar(255) DEFAULT NULL,
  `phone` varchar(255) DEFAULT NULL,
  `enter_time` timestamp NULL DEFAULT CURRENT_TIMESTAMP ON UPDATE CURRENT_TIMESTAMP,
  `order_id` int(11) DEFAULT NULL,
  PRIMARY KEY (`enter_id`)
) ENGINE=InnoDB DEFAULT CHARSET=utf8;

-- ----------------------------
--  Table structure for `t_facility`
-- ----------------------------
DROP TABLE IF EXISTS `t_facility`;
CREATE TABLE `t_facility` (
  `facility_id` int(11) NOT NULL AUTO_INCREMENT,
  `type_id` int(11) DEFAULT NULL COMMENT '设备类型id',
  `park_id` int(11) DEFAULT NULL COMMENT '房源id',
  PRIMARY KEY (`facility_id`),
  KEY `house_id` (`park_id`),
  KEY `facility_type_id` (`type_id`),
  CONSTRAINT `facility_type_fk` FOREIGN KEY (`type_id`) REFERENCES `t_facility_type` (`type_id`),
  CONSTRAINT `fk_house_facility` FOREIGN KEY (`park_id`) REFERENCES `t_park` (`park_id`)
) ENGINE=InnoDB AUTO_INCREMENT=57 DEFAULT CHARSET=utf8 COMMENT='房源设备信息表';

-- ----------------------------
--  Records of `t_facility`
-- ----------------------------
BEGIN;
INSERT INTO `t_facility` VALUES ('1', '1', '1'), ('2', '2', '1'), ('3', '3', '1'), ('4', '4', '1'), ('5', '5', '1'), ('6', '6', '1'), ('7', '7', '1'), ('8', '8', '1'), ('9', '9', '1'), ('14', '1', '12'), ('15', '2', '12'), ('16', '8', '12'), ('23', '1', '16'), ('24', '2', '12'), ('25', '3', '16'), ('26', '3', '17'), ('27', '4', '17'), ('28', '1', '18'), ('29', '8', '18'), ('30', '1', '20'), ('31', '2', '20'), ('38', '1', '21'), ('39', '8', '21'), ('40', '1', '22'), ('41', '2', '22'), ('42', '3', '23'), ('43', '4', '23'), ('44', '1', '24'), ('45', '2', '24'), ('46', '1', '25'), ('47', '2', '25'), ('48', '1', '26'), ('49', '2', '26'), ('50', '3', '26'), ('51', '4', '26'), ('52', '5', '26'), ('53', '6', '26'), ('54', '7', '26'), ('55', '8', '26'), ('56', '9', '26');
COMMIT;

-- ----------------------------
--  Table structure for `t_facility_type`
-- ----------------------------
DROP TABLE IF EXISTS `t_facility_type`;
CREATE TABLE `t_facility_type` (
  `type_id` int(11) NOT NULL AUTO_INCREMENT,
  `name` varchar(100) DEFAULT NULL COMMENT '设备名称',
  `icon` varchar(255) DEFAULT NULL COMMENT '设备图标',
  `is_free` int(255) DEFAULT '0' COMMENT '是否付费（0免费|1收费）',
  `price` float(6,1) DEFAULT NULL COMMENT '收费价格',
  `remark` varchar(255) DEFAULT NULL COMMENT '设备备注',
  PRIMARY KEY (`type_id`)
) ENGINE=InnoDB AUTO_INCREMENT=11 DEFAULT CHARSET=utf8 COMMENT='设备类型信息表';

-- ----------------------------
--  Records of `t_facility_type`
-- ----------------------------
BEGIN;
INSERT INTO `t_facility_type` VALUES ('1', '充电桩', 'uploads/facilities/power.png', '0', null, null), ('2', '洗车服务', 'uploads/facilities/wash.png', '0', null, null), ('3', '超级快冲', 'uploads/facilities/power.png', '1', '10.0', null), ('4', '汽车美容', 'uploads/facilities/nice.png', '0', null, null), ('5', '汽车保养', 'uploads/facilities/care.png', '0', null, null), ('6', '4s', 'uploads/facilities/good.png', '0', null, null), ('7', '洗车服务', 'uploads/facilities/care.png', '1', '100.0', null), ('8', '汽车美容', 'uploads/facilities/nice.png', '1', '200.0', null), ('9', '汽车检修', 'uploads/facilities/care.png', '1', '300.0', null);
COMMIT;

-- ----------------------------
--  Table structure for `t_log`
-- ----------------------------
DROP TABLE IF EXISTS `t_log`;
CREATE TABLE `t_log` (
  `log_id` bigint(20) NOT NULL AUTO_INCREMENT,
  `admin_id` int(11) DEFAULT NULL COMMENT '操作人员id',
  `log_time` timestamp NULL DEFAULT CURRENT_TIMESTAMP COMMENT '操作时间',
  `log_content` varchar(255) DEFAULT NULL COMMENT '操作的功能',
  PRIMARY KEY (`log_id`)
) ENGINE=InnoDB AUTO_INCREMENT=569 DEFAULT CHARSET=utf8 COMMENT='管理员操作日志表';

-- ----------------------------
--  Records of `t_log`
-- ----------------------------
BEGIN;
INSERT INTO `t_log` VALUES ('1', '21', '2017-02-27 15:00:02', '进行了管理员管理的列表查询操作'), ('2', '21', '2017-02-27 15:00:16', '进行了管理员管理的列表查询操作'), ('3', '21', '2017-02-27 15:12:37', '进行了管理员管理的列表查询操作'), ('4', '21', '2017-02-27 15:36:25', '进行了管理员管理的列表查询操作'), ('5', '38', '2017-02-27 15:40:34', '进行了 管理员管理的列表查询 操作'), ('6', '38', '2017-02-27 15:50:00', '进行了 管理员管理的列表查询 操作'), ('7', '38', '2017-02-27 16:05:28', '进行了 管理员管理的列表查询 操作'), ('8', '38', '2017-02-27 16:09:59', '进行了 管理员管理的列表查询 操作'), ('9', '38', '2017-02-27 16:11:34', '进行了 管理员管理的列表查询 操作'), ('10', '38', '2017-02-27 16:11:55', '进行了 管理员管理的列表查询 操作'), ('11', '38', '2017-02-27 16:12:56', '进行了 管理员管理的列表查询 操作'), ('12', '38', '2017-02-27 16:12:58', '进行了 管理员管理的列表查询 操作'), ('13', '38', '2017-02-27 16:13:26', '进行了 管理员管理的列表查询 操作'), ('14', '38', '2017-02-27 16:23:23', '进行了 管理员管理的列表查询 操作'), ('15', '38', '2017-02-27 16:25:02', '进行了 管理员管理的列表查询 操作'), ('16', '38', '2017-02-27 16:25:46', '进行了 管理员管理的列表查询 操作'), ('17', '38', '2017-02-27 16:25:55', '进行了 管理员管理的列表查询 操作'), ('18', '38', '2017-02-27 16:25:58', '进行了 管理员管理的列表查询 操作'), ('19', '38', '2017-02-27 16:26:16', '进行了 管理员管理的列表查询 操作'), ('20', '38', '2017-02-27 16:26:18', '进行了 管理员管理的列表查询 操作'), ('21', '38', '2017-02-27 16:27:55', '进行了 管理员管理的列表查询 操作'), ('22', '38', '2017-02-27 16:29:27', '进行了 管理员管理的列表查询 操作'), ('23', '38', '2017-02-27 16:31:44', '进行了 管理员管理的列表查询 操作'), ('24', '38', '2017-02-27 16:33:14', '进行了 管理员管理的列表查询 操作'), ('25', '38', '2017-02-27 16:33:20', '进行了 管理员管理的列表查询 操作'), ('26', '38', '2017-02-27 16:34:03', '进行了 管理员管理的列表查询 操作'), ('27', '38', '2017-02-27 16:40:32', '进行了 管理员管理的列表查询 操作'), ('28', '38', '2017-02-27 16:41:18', '进行了 管理员管理的列表查询 操作'), ('29', '38', '2017-02-27 16:41:38', '进行了 管理员管理的列表查询 操作'), ('30', '38', '2017-02-27 16:41:43', '进行了 管理员管理的列表查询 操作'), ('31', '38', '2017-02-27 16:42:08', '进行了 管理员管理的列表查询 操作'), ('32', '38', '2017-02-27 16:42:18', '进行了 管理员管理的列表查询 操作'), ('33', '38', '2017-02-27 16:43:07', '进行了 管理员管理的列表查询 操作'), ('34', '38', '2017-02-27 16:49:10', '进行了 管理员管理的列表查询 操作'), ('35', '38', '2017-02-27 17:27:18', '进行了 管理员管理的列表查询 操作'), ('36', '38', '2017-02-27 17:27:40', '进行了 管理员管理的列表查询 操作'), ('37', '21', '2017-02-28 09:20:14', '进行了 设备管理列表查询 操作'), ('38', '21', '2017-02-28 09:20:17', '进行了 设备管理列表查询 操作'), ('39', '21', '2017-02-28 09:20:19', '进行了 用户管理的列表查询 操作'), ('40', '21', '2017-02-28 09:20:20', '进行了 用户管理 操作'), ('41', '21', '2017-02-28 09:20:21', '进行了 用户管理的列表查询 操作'), ('42', '21', '2017-02-28 09:20:21', '进行了 用户管理 操作'), ('43', '21', '2017-02-28 09:20:44', '进行了 用户管理的列表查询 操作'), ('44', '21', '2017-02-28 09:20:44', '进行了 用户管理 操作'), ('45', '21', '2017-02-28 09:21:06', '进行了 用户管理的列表查询 操作'), ('46', '21', '2017-02-28 09:21:06', '进行了 用户管理 操作'), ('47', '21', '2017-02-28 09:21:09', '进行了 用户管理的列表查询 操作'), ('48', '21', '2017-02-28 09:21:10', '进行了 用户管理 操作'), ('49', '21', '2017-02-28 09:21:31', '进行了 用户管理的列表查询 操作'), ('50', '21', '2017-02-28 09:21:31', '进行了 用户管理 操作'), ('51', '21', '2017-02-28 09:22:00', '进行了 用户管理的列表查询 操作'), ('52', '21', '2017-02-28 09:22:00', '进行了 用户管理 操作'), ('53', '21', '2017-02-28 09:22:19', '进行了 查询套餐类型 操作'), ('54', '21', '2017-02-28 09:24:03', '进行了 查询套餐列表 操作'), ('55', '21', '2017-02-28 09:24:24', '进行了 查询套餐列表 操作'), ('56', '21', '2017-02-28 09:24:59', '进行了 查询套餐列表 操作'), ('57', '21', '2017-02-28 09:56:08', '进行了 用户管理的列表查询 操作'), ('58', '21', '2017-02-28 09:56:08', '进行了 用户管理 操作'), ('59', '21', '2017-02-28 09:56:10', '进行了 用户详情查询 操作'), ('60', '21', '2017-02-28 10:29:00', '进行了 用户管理的列表查询 操作'), ('61', '21', '2017-02-28 10:29:00', '进行了 用户管理 操作'), ('62', '21', '2017-02-28 10:29:06', '进行了 查询套餐列表 操作'), ('63', '21', '2017-02-28 10:29:16', '进行了 查询套餐类型 操作'), ('64', '21', '2017-02-28 10:30:01', '进行了 查询套餐列表 操作'), ('65', '21', '2017-02-28 10:30:07', '进行了 删除套餐 操作'), ('66', '21', '2017-02-28 10:30:07', '进行了 查询套餐列表 操作'), ('67', '21', '2017-02-28 10:31:29', '进行了 查询套餐列表 操作'), ('68', '21', '2017-02-28 10:31:33', '进行了 查询套餐列表 操作'), ('69', '21', '2017-02-28 10:32:25', '进行了 查询套餐列表 操作'), ('70', '21', '2017-02-28 10:38:22', '进行了 查询套餐列表 操作'), ('71', '21', '2017-02-28 10:38:33', '进行了 查询套餐列表 操作'), ('72', '21', '2017-02-28 10:39:07', '进行了 查询套餐列表 操作'), ('73', '21', '2017-02-28 10:39:10', '进行了 查询套餐列表 操作'), ('74', '21', '2017-02-28 10:40:20', '进行了 查询套餐列表 操作'), ('75', '21', '2017-02-28 10:41:19', '进行了 查询套餐列表 操作'), ('76', '21', '2017-02-28 10:42:27', '进行了 查询套餐列表 操作'), ('77', '21', '2017-02-28 10:45:30', '进行了 查询套餐列表 操作'), ('78', '21', '2017-02-28 10:59:28', '进行了 查询套餐列表 操作'), ('79', '21', '2017-02-28 10:59:40', '进行了 查询套餐列表 操作'), ('80', '21', '2017-02-28 10:59:41', '进行了 查询套餐列表 操作'), ('81', '21', '2017-02-28 10:59:42', '进行了 查询套餐列表 操作'), ('82', '21', '2017-02-28 10:59:43', '进行了 查询套餐列表 操作'), ('83', '21', '2017-02-28 10:59:43', '进行了 查询套餐列表 操作'), ('84', '21', '2017-02-28 10:59:44', '进行了 查询套餐列表 操作'), ('85', '21', '2017-02-28 10:59:44', '进行了 查询套餐列表 操作'), ('86', '21', '2017-02-28 10:59:44', '进行了 查询套餐列表 操作'), ('87', '21', '2017-02-28 10:59:45', '进行了 查询套餐列表 操作'), ('88', '21', '2017-02-28 10:59:53', '进行了 删除套餐 操作'), ('89', '21', '2017-02-28 10:59:53', '进行了 查询套餐列表 操作'), ('90', '21', '2017-02-28 10:59:58', '进行了 删除套餐 操作'), ('91', '21', '2017-02-28 10:59:58', '进行了 查询套餐列表 操作'), ('92', '21', '2017-02-28 11:14:32', '进行了 查询套餐列表 操作'), ('93', '21', '2017-02-28 11:16:02', '进行了 查询套餐列表 操作'), ('94', '21', '2017-02-28 11:16:23', '进行了 查询套餐列表 操作'), ('95', '21', '2017-02-28 11:17:06', '进行了 查询套餐列表 操作'), ('96', '21', '2017-02-28 11:17:33', '进行了 查询套餐列表 操作'), ('97', '21', '2017-02-28 11:18:14', '进行了 查询套餐列表 操作'), ('98', '21', '2017-02-28 11:18:47', '进行了 查询套餐列表 操作'), ('99', '21', '2017-02-28 11:18:51', '进行了 修改套餐 操作'), ('100', '21', '2017-02-28 11:18:56', '进行了 查询套餐列表 操作'), ('101', '21', '2017-02-28 11:19:07', '进行了 查询套餐列表 操作'), ('102', '21', '2017-02-28 11:19:21', '进行了 查询套餐列表 操作'), ('103', '21', '2017-02-28 11:19:25', '进行了 修改套餐 操作'), ('104', '21', '2017-02-28 11:19:26', '进行了 查询套餐列表 操作'), ('105', '21', '2017-02-28 11:19:55', '进行了 查询套餐列表 操作'), ('106', '21', '2017-02-28 11:20:11', '进行了 查询套餐列表 操作'), ('107', '21', '2017-02-28 11:20:15', '进行了 修改套餐 操作'), ('108', '21', '2017-02-28 11:20:16', '进行了 查询套餐列表 操作'), ('109', '21', '2017-02-28 11:21:44', '进行了 查询套餐列表 操作'), ('110', '21', '2017-02-28 11:22:02', '进行了 查询套餐列表 操作'), ('111', '21', '2017-02-28 11:22:54', '进行了 查询套餐列表 操作'), ('112', '21', '2017-02-28 11:23:07', '进行了 修改套餐 操作'), ('113', '21', '2017-02-28 11:23:07', '进行了 查询套餐列表 操作'), ('114', '21', '2017-02-28 11:24:06', '进行了 查询套餐列表 操作'), ('115', '21', '2017-02-28 11:24:21', '进行了 查询套餐列表 操作'), ('116', '21', '2017-02-28 11:24:27', '进行了 修改套餐 操作'), ('117', '21', '2017-02-28 11:24:28', '进行了 查询套餐列表 操作'), ('118', '21', '2017-02-28 11:24:42', '进行了 修改套餐 操作'), ('119', '21', '2017-02-28 11:24:42', '进行了 查询套餐列表 操作'), ('120', '21', '2017-02-28 11:26:22', '进行了 查询套餐列表 操作'), ('121', '21', '2017-02-28 14:01:38', '进行了 用户管理的列表查询 操作'), ('122', '21', '2017-02-28 14:01:38', '进行了 用户管理 操作'), ('123', '21', '2017-02-28 14:01:47', '进行了 用户管理的列表查询 操作'), ('124', '21', '2017-02-28 14:01:48', '进行了 用户管理 操作'), ('125', '21', '2017-02-28 14:19:10', '进行了 添加套餐 操作'), ('126', '21', '2017-02-28 14:19:10', '进行了 查询套餐列表 操作'), ('127', '21', '2017-02-28 14:20:02', '进行了 添加套餐 操作'), ('128', '21', '2017-02-28 14:20:13', '进行了 查询套餐列表 操作'), ('129', '21', '2017-02-28 20:34:03', '进行了 开发商管理的列表查询 操作'), ('130', '21', '2017-02-28 20:34:04', '进行了 开发商管理 操作'), ('131', '21', '2017-02-28 21:34:17', '进行了 用户管理的列表查询 操作'), ('132', '21', '2017-02-28 21:34:17', '进行了 用户管理 操作'), ('133', '21', '2017-02-28 21:34:21', '进行了 设备管理列表查询 操作'), ('134', '21', '2017-03-01 10:10:45', '进行了 设备管理列表查询 操作'), ('135', '21', '2017-03-01 11:17:19', '进行了 用户管理的列表查询 操作'), ('136', '21', '2017-03-01 11:17:19', '进行了 用户管理 操作'), ('137', '21', '2017-03-01 11:17:21', '进行了 用户详情查询 操作'), ('138', '21', '2017-03-01 11:17:25', '进行了 用户详情查询 操作'), ('139', '21', '2017-03-01 11:17:39', '进行了 设备管理列表查询 操作'), ('140', '21', '2017-03-01 11:19:03', '进行了 用户管理的列表查询 操作'), ('141', '21', '2017-03-01 11:19:03', '进行了 用户管理 操作'), ('142', '21', '2017-03-01 11:19:04', '进行了 用户管理的列表查询 操作'), ('143', '21', '2017-03-01 11:19:04', '进行了 用户管理 操作'), ('144', '21', '2017-03-01 11:23:32', '进行了 开发商管理的列表查询 操作'), ('145', '21', '2017-03-01 11:23:33', '进行了 开发商管理 操作'), ('146', '21', '2017-03-01 11:23:38', '进行了 开发商详情查询 操作'), ('147', '21', '2017-03-01 11:23:39', '进行了 开发商详情查询 操作'), ('148', '21', '2017-03-01 11:23:39', '进行了 开发商详情查询 操作'), ('149', '21', '2017-03-01 11:23:43', '进行了 开发商修改查询 操作'), ('150', '21', '2017-03-01 11:25:04', '进行了 开发商管理的列表查询 操作'), ('151', '21', '2017-03-01 11:25:04', '进行了 开发商管理 操作'), ('152', '21', '2017-03-01 11:34:22', '进行了 开发商管理的列表查询 操作'), ('153', '21', '2017-03-01 11:34:23', '进行了 开发商管理 操作'), ('154', '21', '2017-03-01 11:34:29', '进行了 开发商管理的列表查询 操作'), ('155', '21', '2017-03-01 11:34:29', '进行了 开发商管理 操作'), ('156', '21', '2017-03-01 11:41:21', '进行了 开发商管理的列表查询 操作'), ('157', '21', '2017-03-01 11:41:21', '进行了 开发商管理 操作'), ('158', '21', '2017-03-01 13:36:01', '进行了 用户管理的列表查询 操作'), ('159', '21', '2017-03-01 13:36:01', '进行了 用户管理 操作'), ('160', '21', '2017-03-01 13:41:02', '进行了 用户管理的列表查询 操作'), ('161', '21', '2017-03-01 13:41:02', '进行了 用户管理 操作'), ('162', '21', '2017-03-01 16:41:47', '进行了 查询评论列表 操作'), ('163', '21', '2017-03-01 16:42:20', '进行了 查询评论列表 操作'), ('164', '21', '2017-03-01 16:44:43', '进行了 查询评论列表 操作'), ('165', '21', '2017-03-01 16:45:29', '进行了 查询评论列表 操作'), ('166', '21', '2017-03-01 16:45:38', '进行了 查询评论列表 操作'), ('167', '21', '2017-03-01 22:13:19', '进行了 查询评论列表 操作'), ('168', '21', '2017-03-01 22:15:13', '进行了 查询评论列表 操作'), ('169', '21', '2017-03-01 22:15:34', '进行了 查询评论列表 操作'), ('170', '21', '2017-03-01 22:16:14', '进行了 查询评论列表 操作'), ('171', '21', '2017-03-01 22:19:23', '进行了 查询评论列表 操作'), ('172', '21', '2017-03-04 23:14:36', '进行了 开发商管理的列表查询 操作'), ('173', '21', '2017-03-04 23:14:36', '进行了 开发商管理 操作'), ('174', '21', '2017-03-04 23:17:47', '进行了 开发商管理的列表查询 操作'), ('175', '21', '2017-03-04 23:17:47', '进行了 开发商管理 操作'), ('176', '21', '2017-03-05 11:29:04', '进行了 设备管理列表查询 操作'), ('177', '21', '2017-03-05 13:12:39', '进行了 设备管理列表查询 操作'), ('178', '21', '2017-03-05 13:14:10', '进行了 设备管理列表查询 操作'), ('179', '21', '2017-03-05 13:15:18', '进行了 设备管理列表查询 操作'), ('180', '21', '2017-03-05 13:52:21', '进行了 设备管理列表查询 操作'), ('181', '21', '2017-03-05 21:14:06', '进行了 开发商管理的列表查询 操作'), ('182', '21', '2017-03-05 21:14:07', '进行了 开发商管理 操作'), ('183', '21', '2017-03-05 21:23:26', '进行了 设备管理列表查询 操作'), ('184', '21', '2017-03-05 21:23:39', '进行了 设备管理列表查询 操作'), ('185', '21', '2017-03-05 21:23:51', '进行了 设备管理列表查询 操作'), ('186', '21', '2017-03-05 21:53:09', '进行了 设备管理列表查询 操作'), ('187', '21', '2017-03-05 21:53:21', '进行了 设备管理添加设备 操作'), ('188', '21', '2017-03-05 21:53:21', '进行了 设备管理列表查询 操作'), ('189', '21', '2017-03-05 21:53:25', '进行了 设备管理列表查询 操作'), ('190', '21', '2017-03-05 21:53:34', '进行了 设备管理列表查询 操作'), ('191', '21', '2017-03-05 21:53:43', '进行了 设备管理列表查询 操作'), ('192', '21', '2017-03-05 21:54:28', '进行了 设备管理列表查询 操作'), ('193', '21', '2017-03-05 21:54:35', '进行了 设备管理添加设备 操作'), ('194', '21', '2017-03-05 21:57:00', '进行了 设备管理添加设备 操作'), ('195', '21', '2017-03-05 21:57:01', '进行了 设备管理列表查询 操作'), ('196', '21', '2017-03-05 21:57:02', '进行了 设备管理列表查询 操作'), ('197', '21', '2017-03-05 21:57:07', '进行了 设备管理添加设备 操作'), ('198', '21', '2017-03-05 21:57:17', '进行了 设备管理添加设备 操作'), ('199', '21', '2017-03-05 21:57:18', '进行了 设备管理列表查询 操作'), ('200', '21', '2017-03-05 21:57:23', '进行了 设备管理列表查询 操作'), ('201', '21', '2017-03-05 21:57:31', '进行了 设备管理添加设备 操作'), ('202', '21', '2017-03-05 21:58:07', '进行了 设备管理列表查询 操作'), ('203', '21', '2017-03-05 21:58:09', '进行了 设备管理列表查询 操作'), ('204', '21', '2017-03-05 22:00:21', '进行了 设备管理列表查询 操作'), ('205', '21', '2017-03-05 22:00:34', '进行了 设备管理添加设备 操作'), ('206', '21', '2017-03-05 22:00:40', '进行了 设备管理添加设备 操作'), ('207', '21', '2017-03-05 22:00:42', '进行了 设备管理列表查询 操作'), ('208', '21', '2017-03-05 22:00:46', '进行了 设备管理列表查询 操作'), ('209', '21', '2017-03-05 22:01:00', '进行了 设备管理添加设备 操作'), ('210', '21', '2017-03-05 22:01:34', '进行了 设备管理添加设备 操作'), ('211', '21', '2017-03-05 22:01:36', '进行了 设备管理列表查询 操作'), ('212', '21', '2017-03-05 22:01:40', '进行了 设备管理列表查询 操作'), ('213', '21', '2017-03-05 22:01:45', '进行了 设备管理添加设备 操作'), ('214', '21', '2017-03-05 22:02:10', '进行了 设备管理列表查询 操作'), ('215', '21', '2017-03-05 22:02:11', '进行了 设备管理列表查询 操作'), ('216', '21', '2017-03-05 22:02:32', '进行了 设备管理列表查询 操作'), ('217', '21', '2017-03-05 22:02:46', '进行了 设备管理列表查询 操作'), ('218', '21', '2017-03-05 22:02:52', '进行了 设备管理添加设备 操作'), ('219', '21', '2017-03-05 22:03:29', '进行了 设备管理列表查询 操作'), ('220', '21', '2017-03-05 22:03:33', '进行了 设备管理列表查询 操作'), ('221', '21', '2017-03-05 22:03:41', '进行了 设备管理添加设备 操作'), ('222', '21', '2017-03-05 22:03:41', '进行了 设备管理列表查询 操作'), ('223', '21', '2017-03-06 10:06:30', '进行了 用户管理的列表查询 操作'), ('224', '21', '2017-03-06 10:06:30', '进行了 用户管理 操作'), ('225', '21', '2017-03-06 14:07:21', '进行了 管理员删除房源 操作'), ('226', '21', '2017-03-06 14:12:46', '进行了 管理员删除房源 操作'), ('227', '21', '2017-03-06 14:13:03', '进行了 管理员删除房源 操作'), ('228', '21', '2017-03-06 14:20:49', '进行了 管理员删除房源 操作'), ('229', '21', '2017-03-06 14:22:45', '进行了 管理员删除房源 操作'), ('230', '21', '2017-03-06 14:23:25', '进行了 管理员删除房源 操作'), ('231', '21', '2017-03-06 14:23:28', '进行了 管理员删除房源 操作'), ('232', '21', '2017-03-06 14:23:32', '进行了 管理员删除房源 操作'), ('233', '21', '2017-03-06 14:23:52', '进行了 管理员删除房源 操作'), ('234', '21', '2017-03-06 14:24:29', '进行了 管理员删除房源 操作'), ('235', '21', '2017-03-06 14:28:04', '进行了 管理员删除房源 操作'), ('236', '21', '2017-03-06 14:28:08', '进行了 管理员删除房源 操作'), ('237', '21', '2017-03-06 15:41:34', '进行了 查询套餐列表 操作'), ('238', '21', '2017-03-06 15:44:17', '进行了 添加套餐 操作'), ('239', '21', '2017-03-06 15:44:58', '进行了 查询套餐列表 操作'), ('240', '21', '2017-03-06 15:46:43', '进行了 查询套餐列表 操作'), ('241', '21', '2017-03-06 22:42:31', '进行了 管理员管理的列表查询 操作'), ('242', '21', '2017-03-06 22:52:18', '进行了 管理员管理的列表查询 操作'), ('243', '21', '2017-03-07 09:36:58', '进行了 查询评论列表 操作'), ('244', '21', '2017-03-07 10:37:20', '进行了 管理员管理的列表查询 操作'), ('245', '21', '2017-03-07 10:49:17', '进行了 管理员管理的列表查询 操作'), ('246', '21', '2017-03-07 10:51:38', '进行了 管理员管理的列表查询 操作'), ('247', '21', '2017-03-08 11:19:14', '进行了 开发商管理的列表查询 操作'), ('248', '21', '2017-03-08 11:19:14', '进行了 开发商管理 操作'), ('249', '21', '2017-03-08 11:19:41', '进行了 开发商管理的列表查询 操作'), ('250', '21', '2017-03-08 11:19:41', '进行了 开发商管理 操作'), ('251', '21', '2017-03-08 11:20:29', '进行了 开发商添加 操作'), ('252', '21', '2017-03-08 11:20:30', '进行了 开发商管理的列表查询 操作'), ('253', '21', '2017-03-08 11:20:30', '进行了 开发商管理 操作'), ('254', '21', '2017-03-08 11:22:11', '进行了 开发商添加 操作'), ('255', '21', '2017-03-08 11:22:11', '进行了 开发商管理的列表查询 操作'), ('256', '21', '2017-03-08 11:22:12', '进行了 开发商管理 操作'), ('257', '21', '2017-03-08 11:56:21', '进行了 开发商详情查询 操作'), ('258', '21', '2017-03-08 11:56:26', '进行了 开发商管理的列表查询 操作'), ('259', '21', '2017-03-08 11:56:26', '进行了 开发商管理 操作'), ('260', '21', '2017-03-08 11:57:39', '进行了 开发商添加 操作'), ('261', '21', '2017-03-08 11:57:39', '进行了 开发商管理的列表查询 操作'), ('262', '21', '2017-03-08 11:57:40', '进行了 开发商管理 操作'), ('263', '21', '2017-03-08 12:53:39', '进行了 用户管理的列表查询 操作'), ('264', '21', '2017-03-08 12:53:40', '进行了 用户管理 操作'), ('265', '21', '2017-03-08 12:53:41', '进行了 用户详情查询 操作'), ('266', '21', '2017-03-08 12:53:47', '进行了 用户管理 操作'), ('267', '21', '2017-03-08 12:54:25', '进行了 用户管理的列表查询 操作'), ('268', '21', '2017-03-08 12:54:25', '进行了 用户管理 操作'), ('269', '21', '2017-03-08 12:54:31', '进行了 用户管理的列表查询 操作'), ('270', '21', '2017-03-08 12:54:31', '进行了 用户管理 操作'), ('271', '21', '2017-03-08 12:54:39', '进行了 用户管理的列表查询 操作'), ('272', '21', '2017-03-08 12:54:39', '进行了 用户管理 操作'), ('273', '21', '2017-03-08 16:05:54', '进行了 管理员管理的列表查询 操作'), ('274', '21', '2017-03-16 23:25:48', '进行了 用户管理的列表查询 操作'), ('275', '21', '2017-03-16 23:25:48', '进行了 用户管理 操作'), ('276', '21', '2017-03-16 23:26:36', '进行了 查询评论列表 操作'), ('277', '21', '2017-03-16 23:26:39', '进行了 查询套餐列表 操作'), ('278', '21', '2017-03-16 23:26:42', '进行了 开发商管理的列表查询 操作'), ('279', '21', '2017-03-16 23:26:42', '进行了 开发商管理 操作'), ('280', '21', '2017-03-17 16:23:39', '进行了 用户管理的列表查询 操作'), ('281', '21', '2017-03-17 16:23:39', '进行了 用户管理 操作'), ('282', '21', '2017-03-17 16:23:41', '进行了 用户管理的列表查询 操作'), ('283', '21', '2017-03-17 16:23:41', '进行了 用户管理 操作'), ('284', '21', '2017-03-17 16:23:41', '进行了 用户管理的列表查询 操作'), ('285', '21', '2017-03-17 16:23:42', '进行了 用户管理 操作'), ('286', '21', '2017-03-17 16:24:43', '进行了 用户添加 操作'), ('287', '21', '2017-03-17 16:24:43', '进行了 用户管理的列表查询 操作'), ('288', '21', '2017-03-17 16:24:43', '进行了 用户管理 操作'), ('289', '21', '2017-03-18 19:55:15', '进行了 用户管理的列表查询 操作'), ('290', '21', '2017-03-18 19:55:15', '进行了 用户管理 操作'), ('291', '21', '2017-03-18 20:00:22', '进行了 添加套餐 操作'), ('292', '21', '2017-03-18 20:28:22', '进行了 开发商管理的列表查询 操作'), ('293', '21', '2017-03-18 20:28:22', '进行了 开发商管理 操作'), ('294', '21', '2017-03-18 20:52:20', '进行了 用户管理的列表查询 操作'), ('295', '21', '2017-03-18 20:52:20', '进行了 用户管理 操作'), ('296', '21', '2017-03-18 21:00:01', '进行了 查询评论列表 操作'), ('297', '21', '2017-03-18 21:00:10', '进行了 查询套餐类型 操作'), ('298', '21', '2017-03-18 21:23:07', '进行了 用户管理的列表查询 操作'), ('299', '21', '2017-03-18 21:23:08', '进行了 用户管理 操作'), ('300', '21', '2017-03-18 21:23:17', '进行了 设备管理列表查询 操作'), ('301', '21', '2017-03-19 22:05:14', '进行了 用户管理的列表查询 操作'), ('302', '21', '2017-03-19 22:05:23', '进行了 用户管理的列表查询 操作'), ('303', '21', '2017-03-19 22:07:11', '进行了 用户管理的列表查询 操作'), ('304', '21', '2017-03-19 22:07:13', '进行了 用户管理的列表查询 操作'), ('305', '21', '2017-03-19 22:23:00', '进行了 用户管理的列表查询 操作'), ('306', '21', '2017-03-19 22:23:03', '进行了 用户管理的列表查询 操作'), ('307', '21', '2017-03-19 22:23:10', '进行了 用户管理的列表查询 操作'), ('308', '21', '2017-03-19 22:23:26', '进行了 用户管理的列表查询 操作'), ('309', '21', '2017-03-19 22:23:29', '进行了 用户管理的列表查询 操作'), ('310', '21', '2017-03-19 22:23:35', '进行了 用户管理的列表查询 操作'), ('311', '21', '2017-03-19 22:31:09', '进行了 用户管理的列表查询 操作'), ('312', '21', '2017-03-19 22:31:54', '进行了 用户管理的列表查询 操作'), ('313', '21', '2017-03-19 23:06:46', '进行了 用户管理的列表查询 操作'), ('314', '21', '2017-03-19 23:07:39', '进行了 用户管理的列表查询 操作'), ('315', '21', '2017-03-19 23:08:42', '进行了 用户管理的列表查询 操作'), ('316', '21', '2017-03-19 23:09:56', '进行了 用户管理的列表查询 操作'), ('317', '21', '2017-03-19 23:10:26', '进行了 用户管理的列表查询 操作'), ('318', '21', '2017-03-19 23:10:37', '进行了 用户管理的列表查询 操作'), ('319', '21', '2017-03-19 23:12:01', '进行了 用户管理的列表查询 操作'), ('320', '21', '2017-03-19 23:12:01', '进行了 用户管理 操作'), ('321', '21', '2017-03-19 23:23:08', '进行了 设备管理列表查询 操作'), ('322', '21', '2017-03-19 23:27:30', '进行了 设备管理列表查询 操作'), ('323', '21', '2017-03-19 23:29:27', '进行了 设备管理列表查询 操作'), ('324', '21', '2017-03-19 23:29:34', '进行了 设备管理列表查询 操作'), ('325', '21', '2017-03-19 23:42:25', '进行了 管理员管理的列表查询 操作'), ('326', '21', '2017-03-20 00:08:55', '进行了 用户管理的列表查询 操作'), ('327', '21', '2017-03-20 00:08:56', '进行了 用户管理 操作'), ('328', '21', '2017-03-20 00:17:00', '进行了 用户管理的列表查询 操作'), ('329', '21', '2017-03-20 00:17:01', '进行了 用户管理 操作'), ('330', '21', '2017-03-20 00:17:03', '进行了 用户管理 操作'), ('331', '21', '2017-03-20 00:17:05', '进行了 用户管理 操作'), ('332', '21', '2017-03-20 00:17:06', '进行了 用户管理 操作'), ('333', '21', '2017-03-20 00:17:07', '进行了 用户管理 操作'), ('334', '21', '2017-03-20 00:17:07', '进行了 用户管理 操作'), ('335', '21', '2017-03-20 00:17:08', '进行了 用户管理 操作'), ('336', '21', '2017-03-20 00:17:10', '进行了 用户管理的列表查询 操作'), ('337', '21', '2017-03-20 00:17:11', '进行了 用户管理 操作'), ('338', '21', '2017-03-20 00:17:14', '进行了 用户管理 操作'), ('339', '21', '2017-03-20 00:19:09', '进行了 管理员管理的列表查询 操作'), ('340', '21', '2017-03-20 00:19:14', '进行了 用户管理的列表查询 操作'), ('341', '21', '2017-03-20 00:19:14', '进行了 用户管理 操作'), ('342', '21', '2017-03-20 00:19:58', '进行了 用户管理的列表查询 操作'), ('343', '21', '2017-03-20 00:19:59', '进行了 用户管理 操作'), ('344', '21', '2017-03-20 00:20:01', '进行了 用户管理 操作'), ('345', '21', '2017-03-20 00:21:50', '进行了 用户管理的列表查询 操作'), ('346', '21', '2017-03-20 00:21:50', '进行了 用户管理 操作'), ('347', '21', '2017-03-20 00:21:53', '进行了 用户管理 操作'), ('348', '21', '2017-03-20 00:23:05', '进行了 用户管理的列表查询 操作'), ('349', '21', '2017-03-20 00:23:06', '进行了 用户管理 操作'), ('350', '21', '2017-03-20 00:23:11', '进行了 用户管理 操作'), ('351', '21', '2017-03-20 00:23:40', '进行了 用户管理的列表查询 操作'), ('352', '21', '2017-03-20 00:23:41', '进行了 用户管理 操作'), ('353', '21', '2017-03-20 00:26:55', '进行了 管理员管理的列表查询 操作'), ('354', '21', '2017-03-20 00:27:03', '进行了 用户管理的列表查询 操作'), ('355', '21', '2017-03-20 00:27:03', '进行了 用户管理 操作'), ('356', '21', '2017-03-20 00:27:15', '进行了 用户发送消息 操作'), ('357', '21', '2017-03-20 00:27:20', '进行了 用户管理 操作'), ('358', '21', '2017-03-20 00:27:22', '进行了 用户发送消息 操作'), ('359', '21', '2017-03-20 00:38:58', '进行了 开发商管理的列表查询 操作'), ('360', '21', '2017-03-20 00:38:59', '进行了 开发商管理 操作'), ('361', '21', '2017-03-20 00:39:05', '进行了 开发商删除 操作'), ('362', '21', '2017-03-20 00:39:05', '进行了 开发商管理 操作'), ('363', '21', '2017-03-20 00:40:05', '进行了 开发商添加 操作'), ('364', '21', '2017-03-20 00:40:05', '进行了 开发商管理的列表查询 操作'), ('365', '21', '2017-03-20 00:40:06', '进行了 开发商管理 操作'), ('366', '21', '2017-03-20 00:40:32', '进行了 开发商添加 操作'), ('367', '21', '2017-03-20 00:40:32', '进行了 开发商管理的列表查询 操作'), ('368', '21', '2017-03-20 00:40:32', '进行了 开发商管理 操作'), ('369', '21', '2017-03-20 00:40:47', '进行了 开发商添加 操作'), ('370', '21', '2017-03-20 00:40:47', '进行了 开发商管理的列表查询 操作'), ('371', '21', '2017-03-20 00:40:47', '进行了 开发商管理 操作'), ('372', '21', '2017-03-20 00:41:04', '进行了 开发商添加 操作'), ('373', '21', '2017-03-20 00:41:04', '进行了 开发商管理的列表查询 操作'), ('374', '21', '2017-03-20 00:41:05', '进行了 开发商管理 操作'), ('375', '21', '2017-03-20 00:41:21', '进行了 开发商添加 操作'), ('376', '21', '2017-03-20 00:41:21', '进行了 开发商管理的列表查询 操作'), ('377', '21', '2017-03-20 00:41:22', '进行了 开发商管理 操作'), ('378', '21', '2017-03-20 00:41:31', '进行了 开发商添加 操作'), ('379', '21', '2017-03-20 00:41:31', '进行了 开发商管理的列表查询 操作'), ('380', '21', '2017-03-20 00:41:31', '进行了 开发商管理 操作'), ('381', '21', '2017-03-20 00:41:42', '进行了 开发商添加 操作'), ('382', '21', '2017-03-20 00:41:42', '进行了 开发商管理的列表查询 操作'), ('383', '21', '2017-03-20 00:41:42', '进行了 开发商管理 操作'), ('384', '21', '2017-03-20 11:59:42', '进行了 添加套餐 操作'), ('385', '21', '2017-03-20 12:01:46', '进行了 查询套餐类型 操作'), ('386', '21', '2017-03-20 12:01:51', '进行了 开发商管理的列表查询 操作'), ('387', '21', '2017-03-20 12:01:52', '进行了 开发商管理 操作'), ('388', '21', '2017-03-20 14:27:33', '进行了 用户管理的列表查询 操作'), ('389', '21', '2017-03-20 14:27:33', '进行了 用户管理 操作'), ('390', '21', '2017-03-20 14:36:25', '进行了 设备管理列表查询 操作'), ('391', '21', '2017-03-26 11:26:52', '进行了 查询套餐列表 操作'), ('392', '21', '2017-03-27 11:30:41', '进行了 用户添加--订单管理 操作'), ('393', '21', '2017-03-27 11:47:52', '进行了 管理员管理的列表查询 操作'), ('394', '21', '2017-03-27 12:03:46', '进行了 用户管理的列表查询 操作'), ('395', '21', '2017-03-27 12:03:47', '进行了 用户管理 操作'), ('396', '21', '2017-04-13 23:20:16', '进行了 用户管理的列表查询 操作'), ('397', '21', '2017-04-13 23:20:17', '进行了 用户管理 操作'), ('398', '21', '2017-04-13 23:20:39', '进行了 设备管理列表查询 操作'), ('399', '21', '2017-04-13 23:20:44', '进行了 设备管理列表查询 操作'), ('400', '21', '2017-04-13 23:20:56', '进行了 管理员管理的列表查询 操作'), ('401', '21', '2017-04-13 23:21:01', '进行了 用户管理的列表查询 操作'), ('402', '21', '2017-04-13 23:21:01', '进行了 用户管理 操作'), ('403', '21', '2017-04-13 23:21:06', '进行了 用户管理的列表查询 操作'), ('404', '21', '2017-04-13 23:21:07', '进行了 用户管理 操作'), ('405', '21', '2017-04-13 23:22:15', '进行了 用户管理的列表查询 操作'), ('406', '21', '2017-04-13 23:22:15', '进行了 用户管理 操作'), ('407', '21', '2017-04-14 01:27:01', '进行了 用户管理的列表查询 操作'), ('408', '21', '2017-04-14 01:27:02', '进行了 用户管理 操作'), ('409', '21', '2017-04-14 01:27:07', '进行了 用户管理的列表查询 操作'), ('410', '21', '2017-04-14 01:27:07', '进行了 用户管理 操作'), ('411', '21', '2017-04-14 01:28:13', '进行了 设备管理列表查询 操作'), ('412', '21', '2017-04-14 01:28:20', '进行了 设备管理列表查询 操作'), ('413', '21', '2017-04-14 01:28:28', '进行了 设备管理列表查询 操作'), ('414', '21', '2017-04-14 01:28:33', '进行了 设备管理列表查询 操作'), ('415', '21', '2017-04-14 01:28:43', '进行了 管理员管理的列表查询 操作'), ('416', '21', '2017-04-14 01:28:48', '进行了 管理员管理的列表查询 操作'), ('417', '21', '2017-04-14 01:28:58', '进行了 开发商管理的列表查询 操作'), ('418', '21', '2017-04-14 01:28:58', '进行了 开发商管理 操作'), ('419', '21', '2017-04-15 22:13:05', '进行了 用户管理的列表查询 操作'), ('420', '21', '2017-04-15 22:13:06', '进行了 用户管理 操作'), ('421', '21', '2017-04-15 22:39:07', '进行了 用户管理的列表查询 操作'), ('422', '21', '2017-04-15 22:39:08', '进行了 用户管理 操作'), ('423', '21', '2017-04-15 22:40:08', '进行了 管理员管理的列表查询 操作'), ('424', '21', '2017-04-15 22:41:43', '进行了 用户管理的列表查询 操作'), ('425', '21', '2017-04-15 22:41:43', '进行了 用户管理 操作'), ('426', '21', '2017-04-15 22:42:35', '进行了 用户管理的列表查询 操作'), ('427', '21', '2017-04-15 22:42:36', '进行了 用户管理 操作'), ('428', '21', '2017-04-15 22:48:59', '进行了 设备管理列表查询 操作'), ('429', '21', '2017-04-15 22:49:24', '进行了 设备管理列表查询 操作'), ('430', '21', '2017-04-17 15:41:46', '进行了 用户管理的列表查询 操作'), ('431', '21', '2017-04-17 15:41:47', '进行了 用户管理 操作'), ('432', '21', '2017-04-17 15:41:52', '进行了 用户管理的列表查询 操作'), ('433', '21', '2017-04-17 15:41:52', '进行了 用户管理 操作'), ('434', '21', '2017-04-17 15:42:45', '进行了 用户管理的列表查询 操作'), ('435', '21', '2017-04-17 15:42:46', '进行了 用户管理 操作'), ('436', '21', '2017-04-17 15:44:11', '进行了 用户管理的列表查询 操作'), ('437', '21', '2017-04-17 15:44:11', '进行了 用户管理 操作'), ('438', '21', '2017-04-17 15:54:42', '进行了 用户管理的列表查询 操作'), ('439', '21', '2017-04-17 15:54:43', '进行了 用户管理 操作'), ('440', '21', '2017-04-17 16:10:31', '进行了 用户发送消息 操作'), ('441', '21', '2017-04-17 16:11:43', '进行了 查询套餐列表 操作'), ('442', '21', '2017-04-17 16:11:49', '进行了 设备管理列表查询 操作'), ('443', '21', '2017-04-17 16:11:58', '进行了 设备管理列表查询 操作'), ('444', '21', '2017-04-17 16:12:04', '进行了 设备管理列表查询 操作'), ('445', '21', '2017-04-17 16:46:50', '进行了 设备管理列表查询 操作'), ('446', '21', '2017-04-17 16:46:53', '进行了 用户管理的列表查询 操作'), ('447', '21', '2017-04-17 16:46:53', '进行了 用户管理 操作'), ('448', '21', '2017-04-17 16:47:02', '进行了 用户管理的列表查询 操作'), ('449', '21', '2017-04-17 16:47:02', '进行了 用户管理 操作'), ('450', '21', '2017-04-17 19:34:39', '进行了 用户管理的列表查询 操作'), ('451', '21', '2017-04-17 19:34:40', '进行了 用户管理 操作'), ('452', '21', '2017-04-17 19:34:45', '进行了 设备管理列表查询 操作'), ('453', '21', '2017-04-17 19:37:17', '进行了 用户管理的列表查询 操作'), ('454', '21', '2017-04-17 19:37:17', '进行了 用户管理 操作'), ('455', '21', '2017-04-17 19:37:24', '进行了 用户管理的列表查询 操作'), ('456', '21', '2017-04-17 19:37:24', '进行了 用户管理 操作'), ('457', '21', '2017-04-17 19:38:16', '进行了 管理员管理的列表查询 操作'), ('458', '21', '2017-04-17 19:38:23', '进行了 管理员管理的列表查询 操作'), ('459', '21', '2017-04-17 19:39:01', '进行了 用户管理的列表查询 操作'), ('460', '21', '2017-04-17 19:39:01', '进行了 用户管理 操作'), ('461', '21', '2017-04-17 22:17:59', '进行了 用户管理的列表查询 操作'), ('462', '21', '2017-04-17 22:17:59', '进行了 用户管理 操作'), ('463', '21', '2017-04-17 22:18:29', '进行了 用户管理的列表查询 操作'), ('464', '21', '2017-04-17 22:18:29', '进行了 用户管理 操作'), ('465', '21', '2017-04-17 22:18:32', '进行了 用户管理的列表查询 操作'), ('466', '21', '2017-04-17 22:18:32', '进行了 用户管理 操作'), ('467', '21', '2017-04-17 22:18:36', '进行了 用户管理的列表查询 操作'), ('468', '21', '2017-04-17 22:18:37', '进行了 用户管理 操作'), ('469', '21', '2017-04-17 22:18:41', '进行了 用户管理的列表查询 操作'), ('470', '21', '2017-04-17 22:18:41', '进行了 用户管理 操作'), ('471', '21', '2017-04-17 22:19:15', '进行了 用户管理的列表查询 操作'), ('472', '21', '2017-04-17 22:19:15', '进行了 用户管理 操作'), ('473', '21', '2017-04-17 22:19:18', '进行了 管理员管理的列表查询 操作'), ('474', '21', '2017-04-17 22:20:17', '进行了 管理员管理的列表查询 操作'), ('475', '21', '2017-04-17 22:31:39', '进行了 管理员管理的列表查询 操作'), ('476', '21', '2017-04-17 22:31:44', '进行了 用户管理的列表查询 操作'), ('477', '21', '2017-04-17 22:31:44', '进行了 用户管理 操作'), ('478', '21', '2017-04-17 22:31:48', '进行了 用户发送消息 操作'), ('479', '21', '2017-04-17 22:31:53', '进行了 用户发送消息 操作'), ('480', '21', '2017-04-17 22:33:09', '进行了 用户管理的列表查询 操作'), ('481', '21', '2017-04-17 22:33:10', '进行了 用户管理 操作'), ('482', '21', '2017-04-17 22:33:11', '进行了 用户管理的列表查询 操作'), ('483', '21', '2017-04-17 22:33:11', '进行了 用户管理 操作'), ('484', '21', '2017-04-17 22:33:18', '进行了 用户详情查询 操作'), ('485', '21', '2017-04-17 22:33:20', '进行了 用户详情查询 操作'), ('486', '21', '2017-04-17 22:33:27', '进行了 用户删除全部 操作'), ('487', '21', '2017-04-17 22:33:27', '进行了 用户管理 操作'), ('488', '21', '2017-04-17 22:33:34', '进行了 用户删除全部 操作'), ('489', '21', '2017-04-17 22:33:34', '进行了 用户管理 操作'), ('490', '21', '2017-04-17 22:33:35', '进行了 用户详情查询 操作'), ('491', '21', '2017-04-17 22:34:14', '进行了 用户管理的列表查询 操作'), ('492', '21', '2017-04-17 22:34:15', '进行了 用户管理 操作'), ('493', '21', '2017-04-17 22:34:15', '进行了 用户管理的列表查询 操作'), ('494', '21', '2017-04-17 22:34:16', '进行了 用户管理 操作'), ('495', '21', '2017-04-17 22:34:17', '进行了 用户管理的列表查询 操作'), ('496', '21', '2017-04-17 22:34:17', '进行了 用户管理 操作'), ('497', '21', '2017-04-17 22:36:06', '进行了 用户管理的列表查询 操作'), ('498', '21', '2017-04-17 22:36:06', '进行了 用户管理 操作'), ('499', '21', '2017-04-17 22:36:19', '进行了 管理员管理的列表查询 操作'), ('500', '21', '2017-04-17 22:36:28', '进行了 用户管理的列表查询 操作'), ('501', '21', '2017-04-17 22:36:29', '进行了 用户管理 操作'), ('502', '21', '2017-04-17 22:37:05', '进行了 设备管理列表查询 操作'), ('503', '21', '2017-04-17 22:43:58', '进行了 设备管理添加设备 操作'), ('504', '21', '2017-04-17 22:45:20', '进行了 设备管理列表查询 操作'), ('505', '21', '2017-04-17 22:55:34', '进行了 设备管理列表查询 操作'), ('506', '21', '2017-04-17 22:58:09', '进行了 设备管理列表查询 操作'), ('507', '21', '2017-04-17 22:58:22', '进行了 用户管理的列表查询 操作'), ('508', '21', '2017-04-17 22:58:22', '进行了 用户管理 操作'), ('509', '21', '2017-04-17 23:01:20', '进行了 用户管理的列表查询 操作'), ('510', '21', '2017-04-17 23:01:20', '进行了 用户管理 操作'), ('511', '21', '2017-04-17 23:42:37', '进行了 用户管理的列表查询 操作'), ('512', '21', '2017-04-17 23:42:38', '进行了 用户管理 操作'), ('513', '21', '2017-04-17 23:42:42', '进行了 用户详情查询 操作'), ('514', '21', '2017-04-17 23:42:48', '进行了 用户详情查询 操作'), ('515', '21', '2017-04-17 23:45:04', '进行了 用户管理的列表查询 操作'), ('516', '21', '2017-04-17 23:45:04', '进行了 用户管理 操作'), ('517', '21', '2017-04-17 23:45:05', '进行了 用户管理的列表查询 操作'), ('518', '21', '2017-04-17 23:45:05', '进行了 用户管理 操作'), ('519', '21', '2017-04-17 23:45:05', '进行了 用户管理的列表查询 操作'), ('520', '21', '2017-04-17 23:45:06', '进行了 用户管理 操作'), ('521', '21', '2017-04-17 23:45:30', '进行了 用户详情查询 操作'), ('522', '21', '2017-04-17 23:46:02', '进行了 用户管理的列表查询 操作'), ('523', '21', '2017-04-17 23:46:03', '进行了 用户管理 操作'), ('524', '21', '2017-04-17 23:46:22', '进行了 开发商管理的列表查询 操作'), ('525', '21', '2017-04-17 23:46:23', '进行了 开发商管理 操作'), ('526', '21', '2017-04-17 23:46:26', '进行了 开发商详情查询 操作'), ('527', '21', '2017-04-17 23:46:32', '进行了 开发商修改查询 操作'), ('528', '21', '2017-04-17 23:46:57', '进行了 设备管理列表查询 操作'), ('529', '21', '2017-04-17 23:47:02', '进行了 设备管理列表查询 操作'), ('530', '21', '2017-04-17 23:47:09', '进行了 设备管理列表查询 操作'), ('531', '21', '2017-04-17 23:52:38', '进行了 设备管理列表查询 操作'), ('532', '21', '2017-04-17 23:52:55', '进行了 用户管理的列表查询 操作'), ('533', '21', '2017-04-17 23:52:56', '进行了 用户管理 操作'), ('534', '21', '2017-04-17 23:53:11', '进行了 用户管理的列表查询 操作'), ('535', '21', '2017-04-17 23:53:11', '进行了 用户管理 操作'), ('536', '21', '2017-04-17 23:53:13', '进行了 用户管理的列表查询 操作'), ('537', '21', '2017-04-17 23:53:14', '进行了 用户管理 操作'), ('538', '21', '2017-04-17 23:53:16', '进行了 用户详情查询 操作'), ('539', '21', '2017-04-17 23:53:31', '进行了 管理员管理的列表查询 操作'), ('540', '21', '2017-04-17 23:53:36', '进行了 管理员管理的列表查询 操作'), ('541', '21', '2017-04-17 23:53:49', '进行了 管理员管理的列表查询 操作'), ('542', '21', '2017-04-17 23:55:59', '进行了 管理员管理的列表查询 操作'), ('543', '21', '2017-04-17 23:56:03', '进行了 用户管理的列表查询 操作'), ('544', '21', '2017-04-17 23:56:03', '进行了 用户管理 操作'), ('545', '21', '2017-04-17 23:56:52', '进行了 用户管理的列表查询 操作'), ('546', '21', '2017-04-17 23:56:52', '进行了 用户管理 操作'), ('547', '21', '2017-04-17 23:57:20', '进行了 用户管理的列表查询 操作'), ('548', '21', '2017-04-17 23:57:20', '进行了 用户管理 操作'), ('549', '21', '2017-04-17 23:57:26', '进行了 用户管理的列表查询 操作'), ('550', '21', '2017-04-17 23:57:27', '进行了 用户管理 操作'), ('551', '21', '2017-04-18 00:00:56', '进行了 管理员管理的列表查询 操作'), ('552', '21', '2017-04-18 00:01:19', '进行了 用户管理的列表查询 操作'), ('553', '21', '2017-04-18 00:01:19', '进行了 用户管理 操作'), ('554', '21', '2017-04-18 00:06:51', '进行了 用户管理的列表查询 操作'), ('555', '21', '2017-04-18 00:06:52', '进行了 用户管理 操作'), ('556', '21', '2017-04-18 00:07:46', '进行了 用户管理的列表查询 操作'), ('557', '21', '2017-04-18 00:07:47', '进行了 用户管理 操作'), ('558', '21', '2017-04-18 00:08:03', '进行了 用户管理的列表查询 操作'), ('559', '21', '2017-04-18 00:08:03', '进行了 用户管理 操作'), ('560', '21', '2017-04-18 00:08:10', '进行了 开发商管理的列表查询 操作'), ('561', '21', '2017-04-18 00:08:10', '进行了 开发商管理 操作'), ('562', '21', '2017-04-18 00:11:33', '进行了 用户管理的列表查询 操作'), ('563', '21', '2017-04-18 00:11:33', '进行了 用户管理 操作'), ('564', '21', '2017-04-18 00:12:34', '进行了 用户管理的列表查询 操作'), ('565', '21', '2017-04-18 00:12:34', '进行了 用户管理 操作'), ('566', '21', '2017-04-18 00:12:50', '进行了 用户管理的列表查询 操作'), ('567', '21', '2017-04-18 00:12:51', '进行了 用户管理 操作'), ('568', '21', '2017-04-18 00:13:01', '进行了 设备管理列表查询 操作');
COMMIT;

-- ----------------------------
--  Table structure for `t_message`
-- ----------------------------
DROP TABLE IF EXISTS `t_message`;
CREATE TABLE `t_message` (
  `message_id` int(11) NOT NULL AUTO_INCREMENT,
  `reply_id` int(11) DEFAULT NULL COMMENT '回复的留言的id',
  `sender` int(11) DEFAULT NULL COMMENT '发送人id',
  `receiver` int(11) DEFAULT NULL COMMENT '接收人id',
  `add_time` timestamp NULL DEFAULT CURRENT_TIMESTAMP COMMENT '留言时间',
  `content` text COMMENT '留言内容',
  `is_delete` int(11) DEFAULT '0' COMMENT '是否删除（0未删除|1删除）',
  `is_read` int(255) DEFAULT '0' COMMENT '是否已读（0未读|1已读）',
  PRIMARY KEY (`message_id`),
  KEY `sender` (`sender`),
  KEY `receiver` (`receiver`),
  CONSTRAINT `fk_user_receiver` FOREIGN KEY (`receiver`) REFERENCES `t_user` (`user_id`),
  CONSTRAINT `fk_user_sender` FOREIGN KEY (`sender`) REFERENCES `t_user` (`user_id`)
) ENGINE=InnoDB AUTO_INCREMENT=49 DEFAULT CHARSET=utf8 COMMENT='留言信息表';

-- ----------------------------
--  Records of `t_message`
-- ----------------------------
BEGIN;
INSERT INTO `t_message` VALUES ('27', '35', '-1', '2', '2017-02-16 17:51:45', '得得', '0', '0'), ('29', null, '3', '-1', '2017-02-16 17:55:58', '不但花费话费的reeir', '0', '1'), ('30', null, '2', '-1', '2017-02-16 17:55:54', '给发', '0', '1'), ('32', null, '2', '-1', '2017-02-16 17:55:23', '户给发', '0', '1'), ('33', null, '3', '-1', '2017-02-16 17:54:30', '愤愤愤愤', '0', '1'), ('35', null, '2', '-1', '2017-02-16 17:54:36', '你的就是那就', '0', '1'), ('36', null, '3', '-1', '2017-02-16 17:54:32', '额分分', '0', '1'), ('39', '29', '-1', '1', '2017-02-16 17:54:10', '哈哈哈', '0', '0'), ('40', '30', '-1', '1', '2017-02-16 17:54:11', '123123', '0', '0'), ('41', '29', '-1', '37', '2017-02-16 17:54:11', '哈哈哈', '0', '0'), ('42', '29', '-1', '37', '2017-02-16 17:54:14', '123', '0', '0'), ('43', null, '1', '-1', '2017-02-23 22:07:02', '123123\n', '0', null), ('44', null, '37', '-1', '2017-02-23 22:09:19', '123123\n', '0', null), ('45', null, '1', '-1', '2017-02-24 14:33:01', '请问请问', '0', '1'), ('46', null, '-1', '39', '2017-03-20 00:27:29', '你好，有什么 问题吗', '0', '0'), ('47', null, '-1', '1', '2017-04-17 16:10:34', '', '0', '0'), ('48', null, '-1', '37', '2017-04-17 22:31:56', '查啥市场', '0', '0');
COMMIT;

-- ----------------------------
--  Table structure for `t_order`
-- ----------------------------
DROP TABLE IF EXISTS `t_order`;
CREATE TABLE `t_order` (
  `order_id` int(11) NOT NULL AUTO_INCREMENT,
  `order_no` varchar(100) DEFAULT NULL COMMENT '订单号（规则：20170214122815+5位随机数）',
  `start_time` date DEFAULT NULL COMMENT '入住时间',
  `end_time` date DEFAULT NULL COMMENT '离开时间',
  `price` decimal(10,0) DEFAULT NULL COMMENT '订单价格',
  `add_time` timestamp NULL DEFAULT CURRENT_TIMESTAMP COMMENT '订单创建时间',
  `status` varchar(20) DEFAULT NULL COMMENT '订单状态',
  `user_id` int(11) DEFAULT NULL COMMENT '用户id',
  `park_id` int(11) DEFAULT NULL COMMENT '房源id',
  `is_invoice` int(11) DEFAULT NULL COMMENT '是否需要发票（0不需要|1需要）',
  `invoice_no` int(11) DEFAULT NULL COMMENT '发票号',
  `invoice_title` varchar(255) DEFAULT NULL COMMENT '发票抬头',
  `invoice_posted` int(11) DEFAULT NULL COMMENT '发票是否邮寄（0未邮寄|1邮寄）',
  `invoice_created` int(11) DEFAULT '0' COMMENT '是否已开发票',
  `invoice_time` timestamp NULL DEFAULT NULL ON UPDATE CURRENT_TIMESTAMP COMMENT '发票邮寄时间',
  `invoice_address` text,
  `invoice_person_name` varchar(50) DEFAULT NULL COMMENT '发票联系人姓名',
  `invoice_person_tel` varchar(255) DEFAULT NULL COMMENT '发票联系人手机',
  `order_type` varchar(255) DEFAULT NULL COMMENT '订单类型？？？',
  `order_memo` varchar(255) DEFAULT NULL COMMENT '订单备注',
  `checkin_memo` varchar(255) DEFAULT NULL COMMENT '入驻备注',
  `checkout_mark` varchar(255) DEFAULT NULL COMMENT '退房备注',
  `checkout_has_problem` varchar(10) DEFAULT '无问题' COMMENT '退房时是否有问题（有问题|无问题）',
  `urgency_concat` varchar(20) DEFAULT NULL COMMENT '紧急联系人',
  `urgency_contact_tel` varchar(20) DEFAULT NULL COMMENT '紧急联系人电话',
  `cash_pledge` int(11) DEFAULT NULL COMMENT '押金',
  `cash_pledge_pay_way` varchar(10) DEFAULT NULL COMMENT '支付方式（支付宝|微信|银行卡|现金）',
  `return_cash_pledge` int(11) DEFAULT NULL COMMENT '退还押金',
  `checkin_charge` int(11) DEFAULT NULL,
  `return_way` varchar(10) DEFAULT NULL COMMENT '退还方式（支付宝|微信|银行卡|现金）',
  `checkout_charge` int(11) DEFAULT NULL COMMENT '结账负责人',
  `is_delete` int(11) DEFAULT '0',
  PRIMARY KEY (`order_id`),
  KEY `user_id` (`user_id`),
  KEY `house_id` (`park_id`),
  CONSTRAINT `fk_house_order` FOREIGN KEY (`park_id`) REFERENCES `t_park` (`park_id`),
  CONSTRAINT `fk_user_order` FOREIGN KEY (`user_id`) REFERENCES `t_user` (`user_id`)
) ENGINE=InnoDB AUTO_INCREMENT=54 DEFAULT CHARSET=utf8 COMMENT='订单信息表';

-- ----------------------------
--  Records of `t_order`
-- ----------------------------
BEGIN;
INSERT INTO `t_order` VALUES ('1', null, '2017-03-08', '2017-03-11', '1000', '2017-01-07 11:27:22', '已支付', '1', '1', '1', '1234568', '水电费v个', '0', '0', '2017-03-10 16:08:11', '', null, '', '去哪网预付', '', null, '', null, null, null, null, null, null, null, '', '0', '0'), ('2', null, '2017-01-07', '2017-01-08', '10', '2017-01-07 11:29:00', '已完成', '37', '1', '0', '123456', '是的v发现的', '0', '0', '2017-03-04 21:39:13', '', null, '', '携程预付', '', null, '', null, null, null, null, null, null, null, '', '0', '0'), ('3', null, '2017-01-21', '2017-01-29', '200', '2017-01-07 11:29:29', '入住中', '1', '2', '1', '123', ' 是的v和黑大', '1', '1', '2017-03-10 16:07:57', '', null, '', '携程预付', '', null, '', null, null, null, null, null, null, null, '', '0', '0'), ('4', null, '2017-03-22', '2017-04-04', '2000', '2017-01-07 11:30:02', '未支付', '3', '1', '1', '123456', '死后的生活', '1', '1', '2017-03-10 16:08:06', '', null, '', '网站自营', '', null, '', null, null, null, null, null, null, null, '', '0', '0'), ('7', null, '2017-03-10', '2017-03-14', '2000', '2017-03-09 12:46:20', '已完成', '-1', '10', '1', null, '', null, '0', '2017-03-10 21:06:45', '', null, '', null, null, null, 'faef', '无问题', null, null, '200', '微信', '111', null, '微信', '21', '0'), ('8', null, '2017-03-10', '2017-03-11', '2888', '2017-03-10 16:31:14', '已完成', '-1', '10', '1', null, '', null, '0', '2017-03-19 23:39:59', '', null, '', null, null, '入住备注', '霜霜', '无问题', null, null, '400', '支付宝', '400', null, '支付宝', '0', '0'), ('9', null, '2017-03-10', '2017-03-11', '2345', '2017-03-10 16:34:56', '已完成', '-1', '1', '1', null, '啊啊啊', null, '0', '2017-03-17 16:16:08', '飞飞飞', null, '12324324', null, null, null, '用户取消订单', '无问题', null, null, null, '现金', '234', null, '现金', '21', '0'), ('10', null, '2017-03-21', '2017-03-23', '1000', '2017-03-19 23:40:56', '入住中', '-1', '1', null, null, null, null, '0', '2017-03-27 14:06:26', '飞飞飞', null, null, null, null, null, null, '无问题', null, null, null, '现金', '500', null, null, null, '0'), ('11', null, '2017-03-19', '2017-03-24', '1200', '2017-03-19 23:53:12', '已完成', '37', '24', '1', null, '', '1', '1', '2017-03-20 00:02:04', '', null, '', null, null, 'ddd', 'yyy', '无问题', null, null, '500', '现金', '500', null, '现金', '0', '0'), ('12', null, '2017-03-20', '2017-03-21', '440', '2017-03-20 12:05:53', '已支付', '39', '26', null, null, null, null, '0', null, null, null, null, null, null, null, null, '无问题', null, null, null, '现金', null, null, null, null, '0'), ('13', null, '2017-03-21', '2017-03-22', '3000', '2017-03-20 12:26:46', '已支付', '39', '1', null, null, null, null, '0', '2017-03-20 12:37:51', null, null, null, null, null, null, null, '无问题', null, null, null, '现金', null, null, null, null, '0'), ('14', null, '2017-03-13', '2017-03-24', '500', '2017-03-20 13:02:17', '已完成', '39', '2', '1', null, 'aa', null, '0', '2017-03-20 13:03:27', 'bb', null, 'ccc', null, null, '无', 'ddd', '无问题', null, null, '0', '现金', '400', null, '现金', '0', '0'), ('15', '2147483647', '2017-03-21', '2017-03-17', '32323', '2017-03-27 11:30:58', '未支付', '38', '1', null, null, null, null, '0', null, null, null, null, null, null, null, null, '无问题', null, null, null, '现金', null, null, null, null, '0'), ('18', '2017040413222652948', '2017-04-13', '0000-00-00', '9999999999', '2017-04-04 19:22:26', '未处理', '37', '1', null, null, '2017-04-05', null, '0', '2017-04-04 13:22:26', null, '12000', '', null, null, null, null, '无问题', null, null, null, null, null, null, null, null, '0'), ('19', '2017040413234395497', null, null, null, '2017-04-04 19:23:43', '未处理', '37', '1', null, null, null, null, '0', '2017-04-05 19:52:30', null, null, null, null, null, null, null, '无问题', null, null, null, null, null, null, null, null, '0'), ('20', '2017040413251650048', '2017-04-05', '2017-04-13', '12000', '2017-04-04 19:25:16', '未处理', '37', '1', null, null, null, null, '0', null, null, '', '', null, null, null, null, '无问题', null, '', null, null, null, null, null, null, '0'), ('21', '2017040413264467527', '2017-04-18', '2017-04-20', '3000', '2017-04-04 19:26:44', '进行中', '37', '1', null, null, null, null, '0', '2017-04-04 21:20:30', null, '小小', '13232323232', '支付宝支付', null, null, null, '无问题', null, '', null, null, null, null, null, null, '0'), ('22', '2017040415363703497', '2017-04-18', '2017-04-20', '3000', '2017-04-04 21:36:37', '进行中', '37', '1', null, null, null, null, '0', '2017-04-04 21:36:41', null, '', '', '支付宝支付', null, null, null, '无问题', null, '', null, null, null, null, null, null, '0'), ('23', '2017040504243136843', '2017-04-13', '2017-04-14', '1500', '2017-04-05 10:24:31', '未处理', '37', '1', null, null, null, null, '0', null, null, '大大', '13232323232', null, null, null, null, '无问题', null, '', null, null, null, null, null, null, '0'), ('24', '2017040504254731790', '2017-04-13', '2017-04-14', '1500', '2017-04-05 10:25:47', '未处理', '37', '1', null, null, null, null, '0', null, null, '小小', '13232323232', null, null, null, null, '无问题', null, '', null, null, null, null, null, null, '0'), ('25', '2017040504261601491', null, null, null, '2017-04-05 10:26:16', '未处理', '37', '1', null, null, null, null, '0', '2017-04-05 19:52:24', null, null, null, null, null, null, null, '无问题', null, null, null, null, null, null, null, null, '0'), ('26', '2017040504263469438', null, null, null, '2017-04-05 10:26:34', '未处理', '37', '1', null, null, null, null, '0', '2017-04-05 19:52:27', null, null, null, null, null, null, null, '无问题', null, null, null, null, null, null, null, null, '0'), ('27', '2017040504264336452', null, null, null, '2017-04-05 10:26:43', '未处理', '37', '1', null, null, null, null, '0', '2017-04-05 19:52:25', null, null, null, null, null, null, null, '无问题', null, null, null, null, null, null, null, null, '0'), ('28', '2017040504270264398', '2017-04-13', '2017-04-14', '1500', '2017-04-05 10:27:02', '未处理', '37', '1', null, null, null, null, '0', null, null, 'xiaoxiao', '13232323232', null, null, null, null, '无问题', null, '', null, null, null, null, null, null, '0'), ('29', '2017040515064373242', '2017-04-06', '2017-04-07', '1500', '2017-04-05 21:06:43', '未处理', '37', '1', null, null, null, null, '0', null, null, '小小', '13232323232', null, null, null, null, '无问题', null, '', null, null, null, null, null, null, '0'), ('30', '2017040705313882500', '2017-04-08', '2017-04-09', '1500', '2017-04-07 11:31:38', '未处理', '37', '1', null, null, null, null, '0', null, null, '啊啊啊', '13232323232', null, null, null, null, '无问题', null, '', null, null, null, null, null, null, '0'), ('31', '2017040709590422471', '2017-04-08', '2017-04-09', '1500', '2017-04-07 15:59:04', '未处理', '37', '1', null, null, null, null, '0', null, null, '小小', '13232323232', null, null, null, null, '无问题', null, '', null, null, null, null, null, null, '0'), ('32', '2017040710080578879', null, null, null, '2017-04-07 16:08:05', '未处理', '37', '1', null, null, null, null, '0', '2017-04-08 14:02:03', null, null, null, null, null, null, null, '无问题', null, null, null, null, null, null, null, null, '0'), ('33', '2017040710082198217', '2017-04-08', '2017-04-09', '1500', '2017-04-07 16:08:21', '未处理', '37', '1', null, null, null, null, '0', null, null, '啊啊啊', '13232323232', null, null, null, null, '无问题', null, '', null, null, null, null, null, null, '0'), ('34', '2017040808250450713', '2017-04-08', '2017-04-09', '1500', '2017-04-08 14:25:04', '未处理', '37', '1', null, null, null, null, '0', null, null, '啊啊', '13232323232', null, null, null, null, '无问题', null, '', null, null, null, null, null, null, '0'), ('35', '2017040808260035589', '2017-04-08', '2017-04-09', '1500', '2017-04-08 14:26:00', '未支付', '37', '1', null, null, null, null, '0', '2017-04-08 14:26:07', null, '啊啊', '13232323232', '支付宝支付', null, null, null, '无问题', null, '', null, null, null, null, null, null, '0'), ('36', '2017040808535271644', '2017-04-08', '2017-04-09', '1500', '2017-04-08 14:53:52', '未处理', '37', '1', null, null, null, null, '0', null, null, 'aaa', '13232323232', null, null, null, null, '无问题', null, '', null, null, null, null, null, null, '0'), ('37', '2017040809011788804', '2017-04-08', '2017-04-09', '1500', '2017-04-08 15:01:17', '未处理', '37', '1', null, null, null, null, '0', null, null, '啊啊', '13232323232', null, null, null, null, '无问题', null, '', null, null, null, null, null, null, '0'), ('38', '2017040809213106013', '2017-04-08', '2017-04-09', '1500', '2017-04-08 15:21:31', '未处理', '37', '1', null, null, null, null, '0', null, null, 'aa ', '13232323232', null, null, null, null, '无问题', null, '', null, null, null, null, null, null, '0'), ('39', '2017041007362489534', '2017-04-12', '2017-04-14', '200', '2017-04-10 13:36:24', '未处理', null, '1', null, null, null, null, '0', null, null, '', '', null, null, null, null, '无问题', null, '', null, null, null, null, null, null, '0'), ('40', '2017041008572580858', '2017-04-11', '2017-04-13', '3000', '2017-04-10 14:57:25', '未处理', '37', '1', null, null, null, null, '0', null, null, '小小', '13232323232', null, null, null, null, '无问题', null, '', null, null, null, null, null, null, '0'), ('41', '2017041216163837647', '2017-04-12', '2017-04-13', '1500', '2017-04-12 16:16:38', '未支付', '37', '1', null, null, null, null, '0', null, null, 'ss', '13812312321', null, null, null, null, '无问题', null, null, null, null, null, null, null, null, '0'), ('42', '2017041216175865605', '2017-04-12', '2017-04-13', '1500', '2017-04-12 16:17:58', '未支付', '37', '1', null, null, null, null, '0', null, null, 's', '13723123123', null, null, null, null, '无问题', null, null, null, null, null, null, null, null, '0'), ('43', '2017041216182033131', null, null, '0', '2017-04-12 16:18:20', '未支付', '37', null, null, null, null, null, '0', null, null, null, null, null, null, null, null, '无问题', null, null, null, null, null, null, null, null, '0'), ('44', '2017041219021519377', '2017-04-12', '2017-04-13', '1500', '2017-04-12 19:02:15', '未支付', null, '1', null, null, null, null, '0', null, null, '李子翔', '13817723123', null, null, null, null, '无问题', null, null, null, null, null, null, null, null, '0'), ('45', '2017041219104072857', '2017-04-12', '2017-04-13', '1500', '2017-04-12 19:10:40', '已完成', '37', '1', null, null, null, null, '0', '2017-04-12 19:11:45', null, '罗崇杰', '18846980875', null, null, null, null, '无问题', null, null, null, null, null, null, null, null, '0'), ('46', '2017041219223261963', '2017-04-12', '2017-01-13', '-133500', '2017-04-12 19:22:32', '未支付', '37', '1', null, null, null, '1', '1', '2017-04-17 23:47:21', null, '李子翔', '13817766379', null, null, null, null, '无问题', null, null, null, null, null, null, null, null, '0'), ('47', '2017041221330736148', '2017-04-12', '2017-04-15', '945', '2017-04-12 21:33:07', '未支付', null, '12', null, null, null, null, '0', null, null, 'luocho', '13912328573', null, null, null, null, '无问题', null, null, null, null, null, null, null, null, '0'), ('48', '2017041314475442093', '2017-04-13', '2017-04-14', '1500', '2017-04-13 14:47:54', '未支付', '37', '1', null, null, null, null, '1', '2017-04-14 01:28:07', null, '我问问', '18846013862', null, null, null, null, '无问题', null, null, null, '微信', null, null, null, null, '0'), ('49', '2017041315252972108', '2017-04-13', '2017-04-14', '1500', '2017-04-13 15:25:29', '未支付', '37', '1', null, null, null, null, '1', '2017-04-14 01:28:06', null, 'sdsa', '13134213123', null, null, null, null, '无问题', null, null, null, '微信', null, null, null, null, '0'), ('50', '2017041315295355786', '2017-04-13', '2017-04-14', '1500', '2017-04-13 15:29:53', '未支付', '37', '1', null, null, null, null, '1', '2017-04-14 01:28:01', null, '我问问', '14452523524', null, null, null, null, '无问题', null, null, null, '微信', null, null, null, null, '0'), ('51', '2017041318373321840', '2017-04-13', '2017-04-14', '1500', '2017-04-13 18:37:33', '未支付', '37', '1', null, null, null, null, '1', '2017-04-14 01:27:59', null, 'hyhh', '13817787787', null, null, null, null, '无问题', null, null, null, '微信', null, null, null, null, '0'), ('52', '2017041417214450164', '2017-05-14', '2017-05-15', '1500', '2017-04-14 17:21:44', '未支付', '37', '1', null, null, null, null, '0', null, null, 'wwa', '13812312312', null, null, null, null, '无问题', null, null, null, '微信', null, null, null, null, '0'), ('53', null, '0000-00-00', '0000-00-00', '1000', '2017-04-17 19:37:41', '入住中', '-1', '1', null, null, null, null, '0', null, '飞飞飞', null, null, null, null, null, null, '无问题', null, null, null, null, null, null, null, null, '0');
COMMIT;

-- ----------------------------
--  Table structure for `t_park`
-- ----------------------------
DROP TABLE IF EXISTS `t_park`;
CREATE TABLE `t_park` (
  `park_id` int(11) NOT NULL AUTO_INCREMENT,
  `title` varchar(255) DEFAULT NULL COMMENT '房源名称',
  `province` varchar(255) DEFAULT NULL COMMENT '省',
  `city` varchar(255) DEFAULT NULL COMMENT '市',
  `region` varchar(255) DEFAULT NULL COMMENT '区',
  `street` varchar(255) DEFAULT NULL COMMENT '详细地址',
  `price` decimal(10,0) DEFAULT NULL COMMENT '基础价格',
  `area` float(6,2) DEFAULT NULL COMMENT '房源面积',
  `bedroom` int(11) DEFAULT NULL COMMENT '室',
  `livingroom` int(11) DEFAULT NULL COMMENT '厅',
  `lavatory` int(11) DEFAULT NULL COMMENT '卫',
  `notice` varchar(255) DEFAULT NULL COMMENT '入住须知',
  `traffic` varchar(255) DEFAULT NULL COMMENT '交通情况',
  `description` text,
  `plot_id` int(11) DEFAULT NULL COMMENT '小区编号',
  `is_sale` int(11) DEFAULT '0' COMMENT '是否出售',
  `sale_price` decimal(10,0) DEFAULT NULL COMMENT '出售价格',
  `floor` int(11) DEFAULT NULL COMMENT '楼层',
  `total_floors` int(11) DEFAULT NULL COMMENT '总楼层',
  `developer_id` int(11) DEFAULT NULL COMMENT '开发商',
  `video` varchar(255) DEFAULT NULL COMMENT '视频',
  `manager_id` int(11) DEFAULT NULL COMMENT '房屋管理员',
  `is_delete` int(11) DEFAULT '0',
  PRIMARY KEY (`park_id`)
) ENGINE=InnoDB AUTO_INCREMENT=28 DEFAULT CHARSET=utf8 COMMENT='房源信息表';

-- ----------------------------
--  Records of `t_park`
-- ----------------------------
BEGIN;
INSERT INTO `t_park` VALUES ('1', '哈尔滨梧桐树公寓停车位', '黑龙江', '哈尔滨市', '道里区', '文化路', '15', '10.00', '2', '1', '1', '啊飞洒发发的顺丰的飞洒发大水发是飞洒发的说法大厦法定是范德萨发生飞洒发的说法的说法方式方法是否', '这寒冷的冬天来套煎饼果子，这香香的味道让你神魂颠倒，火腿肠要不要，鸡蛋要不要，我说鸡蛋你说要，鸡蛋，要，鸡蛋，要，鸡蛋鸡蛋鸡蛋，要要要。。。。。78块5', '孟昊阳20134200小区停车管理系统毕业设计', '1', '1', '21', '4', '7', '1', null, null, '0'), ('2', '群力哈尔滨故事公寓停车位', '黑龙江', '哈尔滨市', '南岸区', '劳务费', '1000', '15.00', '2', '2', '1', null, null, '孟昊阳20134200小区停车管理系统毕业设计', '1', '0', '3', null, null, null, null, null, '0'), ('3', '哈西万达禧龙公寓地中海停车位', '黑龙江', '哈尔滨市', '道里区', '二和', '20', '12.00', '2', '2', '1', null, null, '孟昊阳20134200小区停车管理系统毕业设计', '1', '0', '4', null, null, null, null, null, '0'), ('4', '中央大街荣耀宝宇时尚索菲亚停车位', '黑龙江', '哈尔滨市', '道里区', '电话v个', '18', '16.00', '2', '2', '1', null, null, '孟昊阳20134200小区停车管理系统毕业设计', '2', '0', '6', null, null, null, null, null, '0'), ('5', '中央大街旁 索菲亚附近地中海停车位', '黑龙江', '哈尔滨市', '道里区', '都不', '17', '18.00', '2', '2', '1', null, null, '孟昊阳20134200小区停车管理系统毕业设计', '3', '1', '97', null, null, null, null, null, '0'), ('6', '哈西万达大盛公寓停车位', '黑龙江', '哈尔滨市', '道里区', '度过', '12', '19.00', '2', '2', '1', null, null, '孟昊阳20134200小区停车管理系统毕业设计', '2', '1', '34', null, null, null, null, null, '0'), ('7', '中央大街82停车位', '黑龙江', '哈尔滨市', '道里区', '安委会', '8', '21.00', '2', '2', '1', null, null, '孟昊阳20134200小区停车管理系统毕业设计', '2', '1', '2', null, null, null, null, null, '0'), ('8', '乐松商圈凯旋广场停车位', '黑龙江', '哈尔滨市', '道里区', ' sebv', '10', '22.00', '2', '2', '1', null, null, '孟昊阳20134200小区停车管理系统毕业设计', '1', '1', '23', null, null, null, null, null, '0'), ('9', '学府四道街停车位', '黑龙江', '哈尔滨市', '道里区', '号v电话', '8', '12.00', '2', '2', '1', null, null, '孟昊阳20134200小区停车管理系统毕业设计', '2', '1', '23', null, null, null, null, null, '0'), ('10', '黑大停车位', '黑龙江', '哈尔滨市', '道里区', '文化路', '8', '12.00', '2', '2', '1', null, null, '孟昊阳20134200小区停车管理系统毕业设计', '2', '1', '2', null, null, null, null, '38', '0'), ('11', '哈尔滨哈西万达停车位', '黑龙江', '哈尔滨市', '道里区', 'sss', '12', '21.00', '2', '2', '1', null, null, '孟昊阳20134200小区停车管理系统毕业设计', '3', '0', '5', null, null, null, null, null, '0'), ('12', '哈尔滨斯维登凯旋广场停车位', '黑龙江', '哈尔滨市', '南岗区', '凯旋广场', '16', '21.00', '2', '1', '1', null, null, '孟昊阳20134200小区停车管理系统毕业设计', '1', '1', '7', null, null, null, null, null, '0'), ('13', '哈尔滨斯维登凯旋广场停车位2', '黑龙江', '哈尔滨市', '道里区', 'bbbbbbbbbb', '14', '12.00', '3', '2', '2', null, null, '孟昊阳20134200小区停车管理系统毕业设计', '3', '1', '23', null, null, null, null, null, '0'), ('14', '哈尔滨斯维登凯旋广场高级停车位', '黑龙江', '哈尔滨市', '道里区', '凯旋广场', '12', '12.00', '2', '2', '2', null, null, '孟昊阳20134200小区停车管理系统毕业设计', '1', '0', '4', null, null, null, null, null, '0'), ('15', '哈尔滨斯维登凯旋广场高级停车位2', '黑龙江', '哈尔滨市', '市辖区', 'vvvvvvv', '111', '17.00', '1', '1', '1', null, null, '孟昊阳20134200小区停车管理系统毕业设计', '1', '0', '8', null, null, null, null, null, '0'), ('16', '观江国际停车位', '黑龙江', '哈尔滨市', '道外区', '23445667号', '45', '8.00', '2', '1', '1', null, null, '孟昊阳20134200小区停车管理系统毕业设计', '2', '1', '6', null, null, null, null, null, '0'), ('17', '群力花园豪华型停车位', '黑龙江', '哈尔滨市', '市辖区', '群力花园3栋301', '50', '10.00', '3', '2', '2', '', '', '孟昊阳20134200小区停车管理系统毕业设计', '1', '0', '9', null, null, null, null, null, '0'), ('18', '理工停车位', '黑龙江', '哈尔滨市', '市辖区', 'vvvvvvvvvvv', '5', '11.00', '3', '2', '2', '<p>噶哥哥哥哥</p>', '<p>嘎嘎个个</p>', '孟昊阳20134200小区停车管理系统毕业设计', '2', '0', '12', null, null, null, null, null, '0'), ('19', '哈尔滨斯维登凯旋广场高级停车位', '黑龙江', '哈尔滨市', '道里区', 'faefeafef', '50', '12.00', '2', '1', '1', '', '', '孟昊阳20134200小区停车管理系统毕业设计', '1', '1', '50', '4', '7', '2', '', null, '0'), ('20', '测试停车位2', '黑龙江', '哈尔滨市', '市辖区', '发发的撒案发', '2', '12.00', '2', '1', '1', '&lt;p&gt;啊啊啊啊啊啊啊啊&lt;/p&gt;', '&lt;p&gt;啊啊啊啊啊啊啊啊&lt;/p&gt;', '孟昊阳20134200小区停车管理系统毕业设计', '1', '0', '20', '0', '0', '1', '', null, '0'), ('21', '黑大软件工程学院停车位', '黑龙江', '哈尔滨市', '市辖区', 'aaaaaaaa', '5', '12.00', '2', '1', '1', '&lt;p&gt;gagdsagd&lt;/p&gt;', '&lt;p&gt;gasgds&lt;/p&gt;', '孟昊阳20134200小区停车管理系统毕业设计孟昊阳20134200小区停车管理系统毕业设计', '1', '1', '44', '0', '0', '1', '', null, '0'), ('22', '黑大南门停车位', '黑龙江', '哈尔滨市', '市辖区', 'feeeeeeeeee', '6', '6.00', '2', '2', '2', '', '', '孟昊阳20134200小区停车管理系统毕业设计', '1', '1', '23', '0', '0', '1', '', null, '1'), ('23', '中央大街荣耀宝宇时尚索菲亚停车位', '黑龙江', '哈尔滨市', '市辖区', '哈尔滨道里区宝宇荣耀上城温莎国际公寓 ', '18', '11.00', '3', '2', '1', 'qweqew', 'qweqweqwe', '孟昊阳20134200小区停车管理系统毕业设计', '1', '1', '63', '5', '12', '5', '', '21', '0'), ('24', '哈西浪漫公寓停车位', '黑龙江', '哈尔滨市', '南岗区', '哈尔滨南岗区哈西万达公寓', '12', '12.00', '2', '1', '1', '押金¥100.00银联标识信用卡外卡信用卡13:00之后入住12:00之前退房允许吸烟提供发票接待外宾允许带宠物\r\n24:00~24:00接待', '周边五百米服务：超市、菜市场、提款机、药店、餐厅、儿童乐园', '孟昊阳20134200小区停车管理系统毕业设计孟昊阳20134200小区停车管理系统毕业设计', '1', '1', '22', '2', '3', '4', '', '21', '0'), ('25', '近冰雪大世界百纳度假别墅停车位', '黑龙江', '哈尔滨市', '松北区', '哈尔滨江北报达雅苑', '12', '12.00', '2', '1', '1', '押金¥1000.0014:00之后入住11:00之前退房提供发票银联标识信用卡外卡信用卡接待外宾允许吸烟允许带宠物\r\n00:00~24:00接待', '交通特方便', '孟昊阳20134200小区停车管理系统毕业设计孟昊阳20134200小区停车管理系统毕业设计', '4', '1', '44', '3', '6', '7', '', '21', '0'), ('26', '群力家园新停车位', '黑龙江', '哈尔滨市', '道里区', '机场路融江路', '22', '22.00', '2', '1', '1', '提供发票，押金¥400，银联标识，信用卡，外卡，信用卡，12:00之后入住，14:00之前退房，允许吸烟，允许带宠物，接待外宾', '17路：滇池路站，龙章路公交首末站 71路：新三中站 32路：新三中站 95路：新三中站 218路：新三中站 59路：穆斯林小区站 113路：新三中站 125路：龙章路公交首末站 65路：群力家园A区站 66路：群力家园A区站', '孟昊阳20134200小区停车管理系统毕业设计', '9', '0', '12', '0', '0', '7', '', '21', '0');
COMMIT;

-- ----------------------------
--  Table structure for `t_park_img`
-- ----------------------------
DROP TABLE IF EXISTS `t_park_img`;
CREATE TABLE `t_park_img` (
  `img_id` int(11) NOT NULL AUTO_INCREMENT,
  `is_main` int(1) DEFAULT NULL COMMENT '是否主图',
  `img_thumb_src` varchar(255) DEFAULT NULL COMMENT '缩略图',
  `img_src` varchar(255) DEFAULT NULL COMMENT '源图',
  `description` varchar(255) DEFAULT NULL COMMENT '图片说明',
  `park_id` int(11) DEFAULT NULL,
  PRIMARY KEY (`img_id`),
  KEY `house_id` (`park_id`),
  CONSTRAINT `house_img_fk` FOREIGN KEY (`park_id`) REFERENCES `t_park` (`park_id`)
) ENGINE=InnoDB AUTO_INCREMENT=31 DEFAULT CHARSET=utf8 COMMENT='房源图片信息表';

-- ----------------------------
--  Records of `t_park_img`
-- ----------------------------
BEGIN;
INSERT INTO `t_park_img` VALUES ('1', '0', 'uploads\\houseImg\\houseSmall\\housePic6.jpg', 'uploads\\houseImg\\houseBig\\housePic6.jpg', null, '1'), ('2', '0', 'uploads\\houseImg\\houseSmall\\housePic1.jpg', 'uploads\\houseImg\\houseBig\\housePic1.jpg', null, '1'), ('3', '1', 'uploads\\houseImg\\houseSmall\\housePic2.jpg', 'uploads\\houseImg\\houseBig\\housePic2.jpg', null, '1'), ('4', '0', 'uploads\\houseImg\\houseSmall\\housePic3.jpg', 'uploads\\houseImg\\houseBig\\housePic3.jpg', null, '1'), ('5', '0', 'uploads\\houseImg\\houseSmall\\housePic4.jpg', 'uploads\\houseImg\\houseBig\\housePic4.jpg', null, '1'), ('6', '1', 'uploads\\houseImg\\houseSmall\\housePic3.jpg', 'uploads\\houseImg\\houseBig\\housePic4.jpg', null, '9'), ('7', '1', 'uploads\\houseImg\\houseSmall\\housePic3.jpg', 'uploads\\houseImg\\houseBig\\housePic4.jpg', null, '10'), ('8', '1', 'uploads\\houseImg\\houseSmall\\housePic3.jpg', 'uploads\\houseImg\\houseBig\\housePic4.jpg', null, '4'), ('9', '1', 'uploads\\houseImg\\houseSmall\\housePic4.jpg', 'uploads\\houseImg\\houseBig\\housePic4.jpg', null, '2'), ('10', '1', 'uploads\\houseImg\\houseSmall\\housePic3.jpg', 'uploads\\houseImg\\houseBig\\housePic4.jpg', null, '3'), ('11', '1', 'uploads\\houseImg\\houseSmall\\housePic3.jpg', 'uploads\\houseImg\\houseBig\\housePic3.jpg', null, '16'), ('12', '0', 'uploads\\houseImg\\houseSmall\\housePic3.jpg', 'uploads\\houseImg\\houseBig\\housePic3.jpg', null, '16'), ('13', '1', 'uploads\\houseImg\\houseSmall\\housePic3.jpg', 'uploads\\houseImg\\houseBig\\housePic3.jpg', null, '12'), ('14', '0', 'uploads/houseImg/houseSmall/housePic4.jpg', 'uploads\\houseImg\\houseBig\\housePic4.jpg', null, '12'), ('17', '1', 'uploads/houseImg/houseSmall/148855513929687.png', 'uploads/houseImg/houseBig/148855513929687.png', null, '21'), ('18', '1', 'uploads/houseImg/houseSmall/148876674937239.png', 'uploads/houseImg/houseBig/148876674937239.png', null, '22'), ('19', '0', 'uploads/houseImg/houseSmall/148876675389333.png', 'uploads/houseImg/houseBig/148876675389333.png', null, '22'), ('20', '1', 'uploads/houseImg/houseSmall/148983832965751.jpg', 'uploads/houseImg/houseBig/148983832965751.jpg', null, '23'), ('21', '1', 'uploads/houseImg/houseSmall/148993832988953.jpg', 'uploads/houseImg/houseBig/148993832988953.jpg', null, '24'), ('22', '0', 'uploads/houseImg/houseSmall/148993833692026.jpg', 'uploads/houseImg/houseBig/148993833692026.jpg', null, '24'), ('23', '1', 'uploads/houseImg/houseSmall/148994236536344.jpg', 'uploads/houseImg/houseBig/148994236536344.jpg', null, '25'), ('24', '0', 'uploads/houseImg/houseSmall/148994237119614.jpg', 'uploads/houseImg/houseBig/148994237119614.jpg', null, '25'), ('25', '1', 'uploads/houseImg/houseSmall/148998164017572.jpg', 'uploads/houseImg/houseBig/148998164017572.jpg', null, '26'), ('26', '0', 'uploads/houseImg/houseSmall/148998166452610.jpg', 'uploads/houseImg/houseBig/148998166452610.jpg', null, '26'), ('27', '0', 'uploads/houseImg/houseSmall/148998170229360.jpg', 'uploads/houseImg/houseBig/148998170229360.jpg', null, '26'), ('28', '0', 'uploads/houseImg/houseSmall/148998170690022.jpg', 'uploads/houseImg/houseBig/148998170690022.jpg', null, '26'), ('29', '0', 'uploads/houseImg/houseSmall/148998172050130.jpg', 'uploads/houseImg/houseBig/148998172050130.jpg', null, '26'), ('30', '0', 'uploads/houseImg/houseSmall/148998172631871.jpg', 'uploads/houseImg/houseBig/148998172631871.jpg', null, '26');
COMMIT;

-- ----------------------------
--  Table structure for `t_park_rent_type`
-- ----------------------------
DROP TABLE IF EXISTS `t_park_rent_type`;
CREATE TABLE `t_park_rent_type` (
  `rent_type_id` int(11) NOT NULL AUTO_INCREMENT,
  `name` varchar(255) DEFAULT NULL,
  PRIMARY KEY (`rent_type_id`)
) ENGINE=InnoDB DEFAULT CHARSET=utf8;

-- ----------------------------
--  Table structure for `t_park_type`
-- ----------------------------
DROP TABLE IF EXISTS `t_park_type`;
CREATE TABLE `t_park_type` (
  `type_id` int(11) NOT NULL AUTO_INCREMENT,
  `name` varchar(255) DEFAULT NULL,
  PRIMARY KEY (`type_id`)
) ENGINE=InnoDB AUTO_INCREMENT=5 DEFAULT CHARSET=utf8;

-- ----------------------------
--  Records of `t_park_type`
-- ----------------------------
BEGIN;
INSERT INTO `t_park_type` VALUES ('1', '一字型'), ('2', '非字型'), ('3', '斜位停车'), ('4', '豪华型');
COMMIT;

-- ----------------------------
--  Table structure for `t_plot`
-- ----------------------------
DROP TABLE IF EXISTS `t_plot`;
CREATE TABLE `t_plot` (
  `plot_id` int(11) NOT NULL AUTO_INCREMENT,
  `plot_name` varchar(100) DEFAULT NULL COMMENT '小区名称',
  `plot_delete` int(11) DEFAULT '0',
  `developer_id` int(11) DEFAULT NULL COMMENT '开发商',
  `description` text COMMENT '小区描述',
  `video` varchar(255) DEFAULT NULL COMMENT '视频链接',
  `plot_pos` varchar(30) DEFAULT '126.639003,45.76703' COMMENT '小区坐标',
  PRIMARY KEY (`plot_id`)
) ENGINE=InnoDB AUTO_INCREMENT=7 DEFAULT CHARSET=utf8 COMMENT='房源小区信息表';

-- ----------------------------
--  Records of `t_plot`
-- ----------------------------
BEGIN;
INSERT INTO `t_plot` VALUES ('1', '黑大小区', '0', '12', '', '', '126.639003,45.76703'), ('2', '黑大A区', '0', '8', '&lt;p&gt;熙俊印象&lt;/p&gt;', '', '126.639003,45.76703'), ('3', '黑大B区', '0', '9', '&lt;p&gt;欣欣怡园&lt;/p&gt;', '', '126.639003,45.76703'), ('4', '黑大C区', '0', '10', '&lt;p&gt;玫瑰湾&lt;/p&gt;', '', '126.639003,45.76703'), ('5', '黑大D区', '0', '11', '&lt;p&gt;雨阳名居&lt;/p&gt;', '', '126.639003,45.76703'), ('6', '群力家园', '0', '7', '&lt;p&gt;群力家园&lt;/p&gt;', '', '126.639003,45.76703');
COMMIT;

-- ----------------------------
--  Table structure for `t_recommend`
-- ----------------------------
DROP TABLE IF EXISTS `t_recommend`;
CREATE TABLE `t_recommend` (
  `rec_id` int(11) NOT NULL AUTO_INCREMENT,
  `park_id` int(11) DEFAULT NULL COMMENT '房源id',
  `rec_time` timestamp NULL DEFAULT CURRENT_TIMESTAMP ON UPDATE CURRENT_TIMESTAMP COMMENT '推荐时间',
  `rec_reason` varchar(255) DEFAULT NULL COMMENT '推荐理由',
  `rec_status` varchar(10) DEFAULT '未结束' COMMENT '推荐状态(已结束|未结束)',
  PRIMARY KEY (`rec_id`),
  KEY `house_id` (`park_id`),
  CONSTRAINT `house_recommend` FOREIGN KEY (`park_id`) REFERENCES `t_park` (`park_id`)
) ENGINE=InnoDB AUTO_INCREMENT=36 DEFAULT CHARSET=utf8 COMMENT='房源推荐记录表';

-- ----------------------------
--  Records of `t_recommend`
-- ----------------------------
BEGIN;
INSERT INTO `t_recommend` VALUES ('1', '1', '2017-02-07 15:46:06', null, '未结束'), ('2', '12', '2017-03-14 11:49:04', 'qwfghjk', '未结束'), ('3', '10', '2017-03-14 11:49:06', 'aaaaa', '未结束'), ('6', '7', '2017-03-14 11:50:01', 'adfdfd', '未结束'), ('10', '6', '2017-03-14 11:50:17', 'fdfdfdf', '未结束'), ('23', '9', '2017-03-14 11:51:24', 'sssssssssss', '未结束'), ('24', '5', '2017-03-14 11:51:22', 'sssssssssss', '未结束'), ('30', '4', '2017-03-14 11:51:25', 'aaaaaaaaa', '未结束'), ('33', '3', '2017-03-14 11:51:26', 'vvvvvvvvvv', '未结束'), ('34', '2', '2017-03-14 11:51:28', 'aaaaaaaaa', '未结束'), ('35', '25', '2017-03-19 05:53:04', '环境超好', '未结束');
COMMIT;

-- ----------------------------
--  Table structure for `t_service`
-- ----------------------------
DROP TABLE IF EXISTS `t_service`;
CREATE TABLE `t_service` (
  `service_id` int(11) NOT NULL AUTO_INCREMENT,
  `plot_name` varchar(255) DEFAULT NULL,
  `house_name` varchar(255) DEFAULT NULL,
  `facility_name` varchar(255) DEFAULT NULL,
  `question_dec` varchar(255) DEFAULT NULL,
  `service_time` date DEFAULT NULL,
  PRIMARY KEY (`service_id`)
) ENGINE=InnoDB AUTO_INCREMENT=8 DEFAULT CHARSET=utf8;

-- ----------------------------
--  Records of `t_service`
-- ----------------------------
BEGIN;
INSERT INTO `t_service` VALUES ('5', '2', '啊啊啊', '事实上', '对对对啊啊啊', '0000-00-00'), ('6', '2', '啊啊啊', '事实上', '对对对啊啊啊', '0000-00-00'), ('7', '2', '啊啊啊', '事实上', '对对对啊啊啊', '0000-00-00');
COMMIT;

-- ----------------------------
--  Table structure for `t_user`
-- ----------------------------
DROP TABLE IF EXISTS `t_user`;
CREATE TABLE `t_user` (
  `user_id` int(11) NOT NULL AUTO_INCREMENT,
  `username` varchar(30) NOT NULL COMMENT '登录用户名',
  `rel_name` varchar(10) DEFAULT NULL COMMENT '真实姓名',
  `password` varchar(32) NOT NULL COMMENT '密码（需md5加密）',
  `tel` varchar(20) NOT NULL COMMENT '电话',
  `email` varchar(30) DEFAULT NULL COMMENT '邮箱',
  `id_card` varchar(18) DEFAULT NULL COMMENT '身份证号',
  `sex` varchar(2) DEFAULT NULL COMMENT '性别（男|女）',
  `birthday` date DEFAULT NULL COMMENT '生日',
  `hometown` varchar(10) DEFAULT NULL COMMENT '家乡',
  `city` varchar(10) DEFAULT NULL,
  `portrait` varchar(255) DEFAULT 'uploads/portraits/head-default.png' COMMENT '头像',
  `reg_time` timestamp NULL DEFAULT CURRENT_TIMESTAMP COMMENT '注册时间',
  `is_delete` varchar(1) DEFAULT '0' COMMENT '是否删除',
  `qq_id` varchar(50) DEFAULT NULL,
  `wechat_id` varchar(50) DEFAULT NULL,
  PRIMARY KEY (`user_id`)
) ENGINE=InnoDB AUTO_INCREMENT=51 DEFAULT CHARSET=utf8 COMMENT='注册用户信息表';

-- ----------------------------
--  Records of `t_user`
-- ----------------------------
BEGIN;
INSERT INTO `t_user` VALUES ('-1', '123123123', null, '123123', '123456', null, null, null, null, null, null, 'uploads/portraits/head-default.png', '2017-02-22 21:09:57', '0', null, null), ('1', '测试11', null, '123', '123123', null, null, null, null, null, null, 'uploads/portraits/head-default.png', '2017-02-23 22:52:01', '1', null, null), ('2', '234', '孟昊阳', '234', '666666', null, null, null, null, null, null, 'uploads/portraits/head-default.png', '2017-02-23 23:26:29', '1', null, null), ('3', '345', '孟昊阳', '345', '88888888', null, null, null, null, null, null, 'uploads/portraits/head-default.png', '2017-02-23 23:26:34', '1', null, null), ('37', '123qwe', '孟昊阳', '46f94c8de14fb36680850768ff1b7f2a', '18846013862', '222@qq.com', '230921187638475822', '女', null, null, null, 'uploads/portraits/header.png', '2017-03-02 23:29:08', '0', null, null), ('38', 'lisi', '孟昊阳', 'admin', '1234567', 'lisi@163.com', null, '1', '2017-03-17', null, null, 'uploads/portraits/head-default.png', '2017-03-17 16:24:43', '1', null, null), ('39', '孟昊阳111', '孟昊阳', '21232f297a57a5a743894a0e4a801fc3', 'admin', null, null, null, null, null, null, 'uploads/portraits/head-default.png', '2017-03-20 00:16:54', '1', null, null), ('40', 'aa', '孟昊阳', 'admin', '123456789', null, null, null, null, null, null, 'uploads/portraits/head-default.png', '2017-03-27 11:30:41', '1', null, null);
COMMIT;

SET FOREIGN_KEY_CHECKS = 1;
